from,to,airline,start_time,end_time,period,type
北京,首尔,CZ317,8:20,11:30,1234567,A321
北京,首尔,CA123,8:30,11:35,1234567,A330
北京,首尔,OZ332,10:40,13:40,147,A321
北京,首尔,CA131,11:05,14:15,1234567,B738
北京,首尔,OZ3325,11:10,14:10,1234567,A333
北京,首尔,KE2852,11:50,15:10,1234567,B744
北京,首尔,KE856,13:20,16:20,1357,B773
北京,首尔,CA125,13:45,16:50,1234567,B738
北京,首尔,OZ334,16:00,19:00,1234567,A333
北京,首尔,OZ336,17:10,20:10,1234567,A321
北京,首尔,CA137,18:45,21:50,1234567,B738
北京,首尔,CZ315,19:40,22:25,1234567,A321
北京,首尔,KE854,21:15,0:10,1234567,B772
北京,布鲁塞尔,HU491,1:20,5:50,1234567,A330
北京,新加坡,SQ801,0:05,6:25,1234567,B773
北京,新加坡,SQ803,1:10,7:30,1234567,A333
北京,新加坡,JQ008,2:10,8:50,1234567,A330
北京,新加坡,SQ805,8:55,15:15,1234567,B772
北京,新加坡,CA957,13:50,22:05,1234567,B738
北京,新加坡,CA969,15:35,21:25,1234567,A333
北京,新加坡,SQ807,16:45,23:05,1234567,B773
北京,新加坡,CA975,23:30,5:45,1234567,A333
北京,阿拉木图,KC888,0:30,4:15,12356,B757
北京,阿拉木图,HU7933,18:20,21:50,136,B738
北京,马尼拉,PR399,1:40,6:25,467,A320
北京,马尼拉,PR359,12:55,17:40,12457,A320
北京,马尼拉,CZ377,16:15,21:55,1234567,A321
北京,马尼拉,CA179,18:15,23:05,1367,B738
北京,阿布扎比,EY887/9,1:30,6:20,1234567,A330
北京,多哈,QR897/9,1:55,5:40,1234567,B773
北京,莫斯科,UN8888,0:40,4:40,1236,B773
北京,莫斯科,SU201,2:30,6:40,1234567,B763
北京,莫斯科,SU205,11:40,15:55,1234567,A333
北京,莫斯科,CA909,13:45,17:55,1234567,B772
北京,莫斯科,HU7985,15:00,19:05,246,A333
北京,海参崴,S7506,2:20,8:00,37,A320
北京,海参崴,XF770,10:20,15:50,136,T20
北京,法兰克福,CA965,1:50,6:10,1234567,B744
北京,法兰克福,LH721,10:30,14:45,1234567,A380
北京,法兰克福,CA931,14:00,18:15,1234567,B773
北京,慕尼黑,CA961,1:10,5:30,13567,A330
北京,慕尼黑,LH723,13:20,17:50,1234567,A346
北京,伊尔库茨克,S7510,4:35,8:35,1356,A320
北京,伊尔库茨克,HU7967,9:55,14:15,36,B738
北京,马德里,CA907,0:15,6:35,3467,A330
北京,开罗,MS956,0:30,5:30,246,A330
北京,乌兰巴托,OM228,1:05,3:30,2457,B737
北京,乌兰巴托,OM226,2:30,4:55,6,B737
北京,乌兰巴托,CA901,8:35,10:50,1234567,B737
北京,乌兰巴托,OM224,9:30,11:55,136,B737
北京,乌兰巴托,OM224,21:10,23:35,2457,B737
北京,苏黎世,LX197,6:45,11:15,1234567,A343
北京,叶卡捷琳堡,S7520,3:05,7:50,2467,A320
北京,叶卡捷琳堡,U6704,5:15,9:30,5,A320
北京,叶卡捷琳堡,U6704,6:15,10:30,13,A320
北京,克拉斯诺雅尔斯克,S7508,2:35,7:00,47,A320
北京,新西伯利亚,S7874,6:50,10:40,1246,A320
北京,新西伯利亚,S7864,8:35,12:25,35,A320
北京,哈巴罗夫斯克,XF820,0:50,6:35,14,A320
北京,哈巴罗夫斯克,S7516,2:10,8:10,26,A320
北京,基辅,VV182,6:10,9:55,2457,B763
北京,曼谷,TG675,6:45,10:55,1246,A330
北京,曼谷,UL889,14:30,18:35,357,A340
北京,曼谷,TG615,17:05,21:15,1234567,B744
北京,曼谷,CA979,19:35,23:40,1234567,B772
北京,香港,CA135,7:30,11:15,1234567,B738
北京,香港,UO305,7:40,10:50,1234567,A330
北京,香港,KA937,7:40,11:25,1234567,A330
北京,香港,CA101,8:00,11:35,1234567,A321
北京,香港,KA905,8:00,11:40,1234567,A330
北京,香港,CZ310,8:45,12:20,1234567,A380
北京,香港,CA111,9:30,13:05,1234567,A320
北京,香港,CX347,10:00,13:35,1234567,A330
北京,香港,HX337,12:10,15:20,1234567,A330
北京,香港,KA901,12:30,16:05,1234567,A330
北京,香港,CA109,13:00,16:25,1234567,A330
北京,香港,CX391,13:30,16:55,1234567,A330
北京,香港,CA115,15:30,19:00,1234567,A320
北京,香港,KA909,16:30,20:05,1234567,A330
北京,香港,CA117,17:30,21:05,1234567,A321
北京,香港,KA993,18:30,21:55,1234567,A330
北京,香港,CA107,18:30,22:00,1234567,A320
北京,香港,HX313,19:00,22:25,1234567,A330
北京,香港,KA903,19:30,23:00,1234567,A330
北京,香港,KA975,20:30,23:55,1234567,A320
北京,芝加哥,AA186,6:55,6:35,1234567,B772
北京,芝加哥,UA850,16:10,16:30,1234567,B772
北京,釜山,CA129,8:25,11:45,1234567,B738
北京,釜山,HU7909,9:05,11:35,357,B738
北京,釜山,OZ314,10:55,14:10,12356,A320
北京,釜山,OZ316,16:50,20:00,1234567,A320
北京,釜山,KE830,18:25,21:45,1234567,A319
北京,釜山,KE850,18:45,22:05,2,B738
北京,迪拜,EK309,7:20,12:00,1234567,A345
北京,迪拜,CA941,17:40,22:20,12357,A330
北京,迪拜,HU7923,20:15,1:20,15,B767
北京,迪拜,CZ331,23:40,4:45,1356,A330
北京,迪拜,EK307,23:55,4:20,1234567,A380
北京,东京,PK852,8:15,12:40,15,A310
北京,东京,DL618,8:20,13:30,1234567,B767
北京,东京,JL860,8:25,13:00,1234567,B738
北京,东京,CA181,8:30,12:50,1234567,A321
北京,东京,NH956,8:30,13:05,1234567,B763
北京,东京,CA925,9:25,13:55,1234567,B772
北京,东京,CA167,13:25,18:00,1357,A321
北京,东京,NH906,14:45,19:15,1234567,A320
北京,东京,JL864,15:20,19:55,1234567,B738
北京,东京,NH1256,15:45,20:10,1234567,B772
北京,东京,CA421,16:40,21:00,1234567,A320
北京,东京,JL024,16:40,21:05,1234567,B767
北京,东京,CA183,17:25,21:45,1234567,A321
北京,澳门,NX007,8:30,12:10,1234567,A321
北京,澳门,NX001,16:10,20:00,1234567,A321
北京,台北,CA185,8:35,11:45,1234567,A333
北京,台北,HU7987,8:55,12:05,1357,B738
北京,台北,CI512,12:25,15:35,135,B744
北京,台北,BR715,13:45,16:55,246,B773
北京,台北,CA189,14:05,17:10,1246,B772
北京,台北,BR715,19:45,22:55,1357,B773
北京,台北,CI512,20:00,23:10,2467,B744
北京,大阪,CA927,8:40,12:40,1234567,A321
北京,大阪,MU277,9:40,15:10,246,A320
北京,大阪,MU525,10:00,15:45,1357,A320
北京,大阪,CA871,11:30,15:30,1234567,B738
北京,大阪,NH160,14:20,18:20,1234567,B763
北京,大阪,CA161,16:25,20:30,1234567,A321
北京,罗马,AZ791,9:55,15:00,12456,A30
北京,罗马,CA939,13:40,18:55,1234567,A330
北京,名古屋,CA859,8:10,12:10,1357,B738
北京,名古屋,EY888,9:50,13:55,12456,A330
北京,名古屋,MU743,15:20,20:50,1234567,A321
北京,名古屋,CA159,17:00,21:00,1234567,B738
北京,济州岛,KE880,10:55,14:20,1234567,B738
北京,济州岛,KE5874,18:55,22:10,15,B737
北京,巴黎,AF381,0:55,5:30,1234567,B773
北京,巴黎,AF129,9:25,14:10,1234567,B773
北京,巴黎,CA933,13:35,18:40,1234567,B773
北京,赫尔辛基,AY052,10:55,14:45,1234567,A340
北京,阿姆斯特丹,KL898,11:05,15:15,1234567,B744
北京,阿姆斯特丹,CZ345,14:20,18:55,1234567,A330
北京,伦敦,CA851,1:35,13:15,1357,A330
北京,伦敦,BA038,11:15,15:00,1234567,B744
北京,伦敦,CA937,13:30,17:45,1234567,A330
北京,维也纳,OS064,11:25,15:50,12467,B763
北京,平壤,JS152,13:00,16:00,26,T20
北京,平壤,CA121,13:20,16:20,135,B733
北京,平壤,JS252,14:00,17:00,4,T20
北京,纽约,CA981,13:00,14:20,1234567,B744
北京,纽约,UA088,15:45,17:15,1234567,B772
北京,旧金山,DL618,7:50,9:25,13,B767
北京,旧金山,UA888,23:00,8:23,1234567,B744
北京,旧金山,CA985,16:00,12:40,1234567,B744
北京,洛杉矶,UA888,13:40,17:27,5,B744
北京,洛杉矶,CA987,14:00,11:00,2467,B744
北京,洛杉矶,CA983,21:00,18:00,1234567,B773
北京,杜塞尔多夫,CA963,14:00,18:45,257,A330
北京,斯德哥尔摩,CA911,13:50,17:20,13457,B772
北京,底特律,DL188,7:15,8:40,1367,B772
北京,冲绳,CA831,8:20,12:30,36,B738
北京,冲绳,HU7983,14:55,19:10,47,B738
北京,札幌,CA169,8:00,12:50,2367,B738
北京,雅加达,GA891,8:55,14:55,13567,A330
北京,雅加达,CA977,15:25,23:40,257,B738
北京,吉隆坡,MH361,1:30,7:40,1234567,B772
北京,吉隆坡,MH371,9:00,15:10,1236,B772
北京,吉隆坡,CZ747,9:00,15:15,1236,A333
北京,吉隆坡,CA971,15:45,22:00,23567,B757
北京,吉隆坡,MH393,16:35,22:45,457,B772
北京,吉隆坡,UM775,19:00,1:15,6,B767
北京,萨哈林斯克,HZ172,10:40,17:10,24,B737
北京,西雅图,DL128,8:55,5:30,12567,B767
北京,西雅图,HU495,16:20,12:05,1356,A330
北京,米兰,CA949,13:30,19:00,136,A330
北京,河内,VN513,15:45,18:20,23567,A321
北京,多伦多,HU7975,13:55,15:10,36,A340
北京,多伦多,AC032,18:05,18:45,1234567,B773
北京,伊斯坦布尔,CZ679,17:35,0:00,57,B757
北京,伊斯坦布尔,TK021,23:55,5:25,1234567,B773
北京,哥本哈根,SK996,14:55,18:40,1234567,A343
北京,温哥华,CA991,15:50,11:50,1234567,A330
北京,温哥华,AC030,16:05,12:05,123457,B763
北京,悉尼,CA175,15:55,9:30,2467,A330
北京,悉尼,CA173,16:50,6:50,1234567,A330
北京,华盛顿,UA898,18:25,20:02,1234567,B772
北京,普吉岛,HU7929,18:05,22:50,246,B738
北京,普吉岛,CA821,22:40,1:35,357,B738
北京,新德里,MU563,15:45,22:05,2457,A320
北京,新德里,CA947,20:35,1:35,1356,A333
北京,约翰内斯堡,SA289,23:30,8:40,246,A346
北京,仰光,CA905,8:05,13:15,23467,B737
北京,亚的斯亚贝巴,ET605,22:45,6:05,1234567,B772
北京,广岛,CA153,8:30,13:30,13567,B737
北京,福岗,CA953,8:40,14:10,1234567,B738
北京,福岗,MU535,8:40,13:40,1357,B737
北京,德黑兰,IR803,10:30,14:20,7,B747
北京,德黑兰,CZ6025,15:00,21:00,136,B737
北京,德黑兰,IR801,19:00,23:50,4,B747
北京,墨尔本,CA177,15:35,9:00,13456,A330
北京,卡拉奇,CA945,14:55,22:30,14,B757
北京,卡拉奇,PK853,18:30,0:45,5,A310
北京,拉合尔,PK853,18:30,23:40,1,A310
北京,胡志明市,VN513,15:30,22:00,23567,A321
北京,胡志明市,CA903,19:30,23:40,247,B737
北京,珀斯,CZ319,17:30,6:05,246,A333
北京,金边,CZ323,14:30,20:05,1234567,A321
北京,圣彼得堡,HU7965,15:00,19:30,37,A333
北京,哈拉雷,UM775,19:00,6:15,6,B767
北京,休斯顿,UA088,17:00,22:03,1234567,B772
北京,高雄,CI592,18:50,22:25,1,A333
北京,雅典,CA961,2:00,10:30,36,A330
北京,阿尔及尔,AH3061,8:50,14:20,15,A330
北京,罗安达,DT691,7:00,17:00,2,B772
北京,罗安达,HU7923,20:55,10:50,15,B767
北京,布里斯班,CZ381,17:30,9:10,1357,A333
北京,富山,CZ613,10:30,15:55,13457,A319
北京,伊斯兰堡,PK853,17:45,21:00,15,A310
北京,塔什干,HY502,0:10,3:25,4,B763
北京,塔什干,HY506,10:55,14:10,2,B763
北京,塔什干,CZ6027,16:20,19:40,15,A330
北京,仙台,CA923,7:35,13:25,1234567,A319
北京,波士顿,DL188,7:15,11:54,137,B772
北京,波士顿,CO898,18:25,23:50,1234567,B772
北京,吉达,CZ331,23:40,8:50,36,A330
北京,大邱,CA145,8:20,11:35,15,B738
北京,柏林,HU489,14:00,17:20,357,A330
北京,特拉维夫,LY096,22:00,3:05,247,B763
北京,木浦,OZ342,10:50,14:10,25,A321
北京,科伦坡,UL889,14:30,21:25,357,A343
北京,长滩,2P826,1:10,5:55,57,A320
北京,圣堡罗,CA907,0:05,14:55,47,A330
成都,香港,HX453,7:30,10:25,1234567,B738
成都,香港,CA411,7:55,10:10,1234567,A319
成都,香港,KA825,8:20,11:00,1234567,A321
成都,香港,CA439,10:35,12:55,1234567,A319
成都,香港,KA821,13:50,16:25,1234567,A320
成都,香港,3U8617,14:05,16:15,15,A320
成都,香港,CA427,16:20,18:45,1234567,B733
成都,卡拉奇,CA945,18:50,22:00,14,B757
成都,澳门,NX197,15:50,18:15,1357,A319
成都,班加罗尔,CA425,21:30,0:05,246,A319
成都,东京,NH948,9:35,15:20,1234567,B737
成都,东京,CA421,13:00,21:00,1234567,A319
成都,首尔,OZ324,0:20,4:50,1245,A321
成都,首尔,CA435,8:25,14:40,13457,B733
成都,首尔,3U8903,15:15,19:30,26,A320
成都,胡志明市,3U8727,11:25,15:50,14,A320
成都,大阪,CA151,8:25,15:30,136,A319
成都,新加坡,MI935,18:10,23:15,12357,A320
成都,新加坡,CA403,20:00,0:40,1234567,A319
成都,新加坡,MI937,23:10,4:10,46,A320
成都,阿姆斯特丹,KL892,14:15,18:50,146,B744
成都,名古屋,CA405,7:45,14:40,1234567,A321
成都,广岛,MU293,13:35,20:10,1234567,A320
成都,加德满都,CA407,8:50,11:10,26,A319
成都,加德满都,CA437,9:50,10:30,457,A319
成都,普吉岛,3U8925,23:55,2:35,46,A321
成都,吉隆坡,D7321,14:55,19:35,6,A330
成都,吉隆坡,D7327,23:55,4:35,135,A330
成都,阿布扎比,EY811,21:20,0:40,2457,A330
成都,高雄,FE182,19:30,22:30,17,MD83
成都,台北,CI552,13:05,16:25,27,A333
成都,台北,3U8977,13:40,16:45,1357,A321
成都,台北,CA417,14:20,17:40,2467,A321
成都,台北,BR766,19:15,22:35,15,A330
成都,孟买,CA429,21:30,0:20,1357,A319
成都,台中,3U8913,14:00,16:40,4,A321
成都,暹粒,MU2217,17:40,20:30,15,B737
上海,多哈,QR889,0:50,5:45,1234567,B773
上海,新加坡,SQ825,0:35,5:55,1234567,B772
上海,新加坡,SQ827,8:05,13:25,1234567,B772
上海,新加坡,MU567,10:05,15:35,1234567,A330
上海,新加坡,MU565,13:50,19:30,1234567,A320
上海,新加坡,SQ831,14:30,19:50,1234567,B772
上海,新加坡,MU545,16:15,20:50,1234567,B767
上海,新加坡,SQ833,16:35,21:55,1234567,B773
上海,新加坡,SQ835,19:10,0:30,1234567,B772
上海,新加坡,MU543,23:55,5:00,1234567,B767
上海,长滩,2P822,0:15,3:55,26,A320
上海,长滩,Z2029,23:30,3:00,15,A320
上海,马尼拉,5J679,0:30,4:00,1234567,A320
上海,马尼拉,PR337,16:00,19:30,1234567,A330
上海,巴黎,CA833,0:15,6:40,13567,A340
上海,巴黎,AF117,10:45,16:55,1234567,B773
上海,巴黎,AF111,23:35,5:35,1234567,B773
上海,巴黎,MU553,23:55,6:30,1234567,A330
上海,米兰,CA967,1:30,8:05,1234567,A330
上海,莫斯科,SU207,1:40,7:45,1234567,B763
上海,莫斯科,SU209,11:40,17:25,1234567,A333
上海,莫斯科,MU591,12:20,18:20,357,B767
上海,迪拜,EK305,7:15,12:35,1234567,B773
上海,迪拜,MU755,12:10,19:00,26,B767
上海,迪拜,EK303,23:00,5:00,1234567,B773
上海,济州岛,MU5037,13:30,15:50,1234567,B738
上海,香港,KA857,7:40,10:10,1234567,A320
上海,香港,HX235,8:00,10:35,1234567,A330
上海,香港,HO1293,8:20,10:50,1234567,A320
上海,香港,KA871,8:20,11:00,1234567,A320
上海,香港,KA831,8:40,11:15,1234567,A330
上海,香港,MU721,9:00,11:40,1234567,A321
上海,香港,MU501,9:05,11:35,1234567,A320
上海,香港,CX365,9:45,12:25,1234567,B773
上海,香港,MU701,10:00,12:40,1234567,A320
上海,香港,KA803,11:30,14:05,1234567,A330
上海,香港,HX237,11:45,14:30,1234567,A330
上海,香港,MU503,12:05,14:35,1234567,A320
上海,香港,CX367,12:25,15:05,1246,B772
上海,香港,KA865,13:00,15:35,13457,A320
上海,香港,KA877,13:30,16:05,12357,A320
上海,香港,FM845,13:55,16:15,1234567,B738
上海,香港,KA805,14:30,17:05,1234567,A330
上海,香港,MU509,15:05,17:30,1234567,A320
上海,香港,KA893,15:30,17:55,1234567,A321
上海,香港,HO1291,15:50,18:35,1457,A320
上海,香港,KA875,16:30,19:05,1234567,A330
上海,香港,MU505,17:00,19:25,1234567,A320
上海,香港,CX369,17:35,20:10,123467,A330
上海,香港,KA891,18:30,21:05,1234567,A330
上海,香港,HX239,18:45,21:30,1234567,A330
上海,香港,KA835,19:00,21:35,1234567,A320
上海,香港,KA897,19:35,22:15,1234567,A320
上海,香港,KA809,20:30,23:05,1234567,A330
上海,香港,MU725,21:20,23:35,1234567,A320
上海,首尔,MU511,8:20,11:00,1234567,A321
上海,首尔,CZ313,8:25,11:10,1234567,B738
上海,首尔,OZ368,8:35,11:30,1234567,A321
上海,首尔,MU5041,9:05,11:55,1234567,A320
上海,首尔,KE894,11:10,14:05,1234567,A333
上海,首尔,OZ362,12:00,14:50,1234567,A330
上海,首尔,MU5033,12:35,15:20,1234567,A321
上海,首尔,OZ364,13:00,15:55,1234567,A320
上海,首尔,KE898,13:35,16:30,1234567,B772
上海,首尔,FM827,14:25,17:10,1234567,B738
上海,首尔,CZ369,15:00,17:45,1234567,B737
上海,首尔,FM823,15:30,18:20,1234567,B757
上海,首尔,OZ366,16:20,19:15,1234567,B767
上海,首尔,KE2816,18:00,21:00,1234567,B744
上海,首尔,MU5051,18:10,20:45,1234567,A333
上海,首尔,OZ3625,18:15,21:05,1234567,A333
上海,首尔,KE896,21:20,0:15,1234567,B738
上海,东京,FM815,9:00,12:30,1234567,B757
上海,东京,JL872,9:00,13:00,1234567,B767
上海,东京,DL296,9:05,13:05,1234567,A333
上海,东京,MU523,9:10,12:50,1234567,A333
上海,东京,MU537,9:40,13:30,1234567,A333
上海,东京,CA929,9:55,13:50,1234567,A340
上海,东京,NH922,10:15,14:15,1234567,B772
上海,东京,JL874,11:50,15:50,1234567,B738
上海,东京,MU521,12:00,16:00,123567,A333
上海,东京,JL082,12:50,16:40,1234567,B772
上海,东京,NH920,13:10,17:00,1234567,B763
上海,东京,NH1260,13:50,17:40,1234567,B772
上海,东京,JL876,14:05,18:05,1234567,B767
上海,东京,CA919,14:15,18:00,1234567,A321
上海,东京,NH960,17:00,20:55,1234567,B763
上海,东京,MU271,17:05,20:30,1234567,A333
上海,东京,CA157,17:05,21:00,1234567,B738
上海,札幌,MU279,8:15,12:30,23567,A320
上海,澳门,9C8875,8:30,11:10,1234567,A320
上海,澳门,NX137,9:00,11:20,1234567,A320
上海,澳门,FM817,9:55,12:40,1234567,B738
上海,澳门,MU2007,12:25,15:00,1234567,A320
上海,澳门,NX105,13:55,16:40,1234567,A320
上海,澳门,HO1297,16:35,19:15,457,A320
上海,澳门,NX135,16:45,19:25,123567,A319
上海,曼谷,FM839,8:45,12:20,1234567,B738
上海,曼谷,TG663,8:45,12:40,1234567,A333
上海,曼谷,MU541,12:25,15:55,1234567,A320
上海,曼谷,UL887,14:05,17:55,1246,A330
上海,曼谷,FM853,21:05,0:20,1234567,B738
上海,曼谷,MU547,21:40,0:55,1234567,AB6
上海,台北,FM851,9:00,10:45,257,B767
上海,台北,FM801,9:35,11:15,1234567,B738
上海,台北,GE337,10:30,12:00,13,A321
上海,台北,CA195,11:00,12:55,367,A340
上海,台北,CA197,12:00,14:00,2456,B738
上海,台北,CI502,12:05,13:55,1234567,B744
上海,台北,MU5007,12:30,14:00,1234567,A346
上海,台北,BR711,13:15,15:10,12356,B744
上海,台北,MU5097,14:15,16:15,1234567,A321
上海,台北,CZ3095,15:25,17:15,134567,A321
上海,台北,MU5005,15:55,17:40,1357,A330
上海,台北,CI202,16:15,18:15,123467,A333
上海,台北,CA195,16:30,18:25,2,A340
上海,台北,CI504,19:50,21:40,357,B744
上海,台北,BR771,19:50,21:45,134567,A330
上海,台北,BR721/01,20:10,22:05,12457,B744
上海,台北,GE335,20:15,22:00,257,A321
上海,台北,GE303,23:05,0:30,3,A321
上海,富山,FM825,9:10,12:30,26,B738
上海,名古屋,MU529,9:15,12:20,1234567,A320
上海,名古屋,CA405,11:30,14:40,1234567,A319
上海,名古屋,MU719,12:00,15:05,1234567,A320
上海,名古屋,JL884,17:30,20:45,1234567,B738
上海,名古屋,CZ379,17:55,21:05,1234567,A321
上海,名古屋,MU291,18:15,21:25,1234567,A320
上海,大阪,CA921,9:30,12:30,1234567,A321
上海,大阪,MU515,9:30,12:40,1234567,A343
上海,大阪,MU747,12:20,15:40,1234567,B737
上海,大阪,NH156,12:30,15:25,1234567,B763
上海,大阪,JL894,13:10,16:15,1234567,B738
上海,大阪,FM821,15:30,18:25,1234567,B738
上海,大阪,CA163,17:15,20:15,1234567,B738
上海,大阪,JL898,17:50,20:55,1234567,B738
上海,大阪,MU729,18:20,21:00,1234567,A321
上海,大阪,NH154,19:05,22:00,1234567,B763
上海,冲绳,MU287,9:30,12:30,2457,A320
上海,冲绳,MU2149,13:30,16:30,36,A320
上海,吉隆坡,MH387,9:45,15:30,1234567,A333
上海,吉隆坡,MH389,16:05,21:35,1234567,B772
上海,吉隆坡,MU539,19:55,0:50,1234567,A320
上海,吉隆坡,MK681,21:25,3:05,2,A330
上海,苏黎世,LX189,9:45,15:40,1234567,A343
上海,底特律,DL180,10:10,12:05,1234567,B772
上海,台中,GE379,9:55,11:45,257,A321
上海,雅加达,GA895,10:05,15:40,1234567,A330
上海,赫尔辛基,AY058,10:15,14:50,1234567,A340
上海,福岗,MU517,10:30,13:10,1234567,B738
上海,福岗,CA915,11:50,14:25,1234567,B738
上海,福岗,MU531,18:10,20:50,1234567,A320
上海,高雄,CI582,10:45,13:00,26,A333
上海,高雄,BR705,13:15,15:25,47,B747
上海,伦敦,BA168,10:55,15:40,124567,B772
上海,伦敦,VS251,11:25,16:30,1234567,A346
上海,伦敦,MU551,12:35,17:40,2467,A333
上海,釜山,MU5043,8:50,11:35,134567,A320
上海,釜山,KE876,10:55,13:35,1234567,B739
上海,釜山,OZ312,11:40,14:10,13457,A320
上海,釜山,FM829,14:25,16:50,123456,B738
上海,旧金山,CA985,11:30,12:20,1234567,B772
上海,旧金山,CO858,13:45,9:35,1234567,B772
上海,纽约,MU587,11:30,14:15,1234567,A346
上海,纽约,CO086,15:55,18:20,1234567,B772
上海,罗马,MU787,12:20,17:45,24567,A330
上海,阿姆斯特丹,KL896,12:35,17:25,1234567,B744
上海,阿姆斯特丹,KL894,23:55,4:45,23457,B744
上海,洛杉矶,MU583,13:00,10:05,1234567,A346
上海,洛杉矶,CO878,20:25,16:51,1234567,B772
上海,洛杉矶,AA182,21:45,18:35,1234567,B772
上海,温哥华,MU581,13:30,9:10,1234567,A330
上海,温哥华,AC026,18:15,13:55,1234567,B763
上海,法兰克福,CA935,12:25,18:15,1356,A340
上海,法兰克福,LH729,13:50,19:05,1234567,B744
上海,法兰克福,MU219/97,23:55,5:10,1234567,A330
上海,科伦坡,UL887,14:05,20:45,12456,A330
上海,奥克兰,NZ288,14:15,6:50,12456,B772
上海,胡志明市,VN523,15:25,18:50,1234567,A321
上海,胡志明市,MU281,21:45,0:55,1234567,A320
上海,河内,VN531,15:25,18:20,1234567,A320
上海,檀香山,MU571,16:55,9:10,25,A343
上海,芝加哥,CO836,17:00,17:20,1234567,B772
上海,芝加哥,AA288,18:00,18:20,1234567,B772
上海,广岛,MU293,17:30,20:10,1234567,A320
上海,冈山,MU527,17:45,20:40,1234567,A319
上海,多伦多,AC088,17:45,19:20,1234567,B772
上海,悉尼,CA175,19:35,9:30,2467,A330
上海,悉尼,QF130,20:05,10:15,134567,A333
上海,悉尼,MU561,20:20,10:00,1234567,A333
上海,墨尔本,CA177,19:15,9:00,13456,A330
上海,墨尔本,MU737,20:15,10:00,1234567,B767
上海,新德里,MU563,21:00,2:05,2457,A320
上海,新德里,AI349,22:00,2:45,2467,B772
上海,普吉岛,FM831,21:10,1:10,12456,B738
上海,普吉岛,FM857,22:15,2:00,1234567,B738
上海,毛里求斯,MK681,21:25,7:20,2,A330
上海,孟买,AI349,22:00,6:15,2467,B772
上海,伊斯坦布尔,TK027,23:05,5:20,1234567,B773
上海,慕尼黑,LH727,23:45,5:15,1234567,A346
上海,茨城,9C8987,8:40,12:20,124567,A320
上海,高松,9C8889,8:45,11:40,47,A320
上海,佐贺,9C8577,8:45,11:40,36,A320
上海,岘港,FM863,22:30,1:10,47,B738
上海,新泻,MU295,9:25,13:00,36,A319
上海,金边,FM833,19:50,23:05,45,B738
上海,墨西哥城,AM099,10:45,13:00,47,B772
上海,长崎,MU519,9:40,12:10,15,A319
上海,塞班岛,3U8647,22:30,5:00,2367,A330
上海,斯里巴加湾,BI614,15:35,20:20,135,A320
上海,鹿儿岛,MU761,9:55,12:30,1356,A319
上海,阿布扎比,EY867,0:15,6:55,13457,A333
上海,小松,MU557,9:25,12:30,1457,A320
上海,班加罗尔,CA425,17:00,0:20,46,A319
上海,亚特兰大,DL296,8:40,15:00,1234567,A333
上海,木浦,MU5057,8:55,11:20,1346,A320
上海,牧之原,MU2019,9:30,12:50,15,A320
上海,波士顿,CO836,17:00,22:22,12345,B772
上海,巴厘岛,MU5029,21:00,3:00,36,A330
上海,暹粒,MU513,19:10,21:50,1234567,A320
上海,哥本哈根,SK998,14:15,18:35,13567,A343
上海,克利夫兰,CO086,15:55,22:40,1234567,B772
香港,达卡,KA192,17:30,19:50,357,A330
香港,达卡,KA196,19:05,0:55,124,A330
香港,达卡,BG079,19:20,21:00,15,D1C
香港,普吉岛,KA212,8:55,11:35,1234567,A320
香港,普吉岛,TG609,9:05,11:40,1234567,A330
香港,普吉岛,KA214,14:45,17:25,1356,A320
香港,普吉岛,FD3925,20:25,22:55,1234567,A320
香港,普吉岛,HX763,23:20,2:00,234567,B738
香港,曼谷,TG603,7:50,9:35,1234567,A330
香港,曼谷,CX713,9:10,11:05,1234567,B772
香港,曼谷,FD3713,10:45,12:40,1234567,A320
香港,曼谷,HX775,12:35,14:00,1234567,A330
香港,曼谷,MD1211,12:45,14:30,26,B744
香港,曼谷,TG601,12:45,14:30,1234567,B744
香港,曼谷,CX751,14:25,16:20,1234567,A333
香港,曼谷,TG629,15:00,16:45,1234567,B772
香港,曼谷,CX701,16:05,17:55,23456,A330
香港,曼谷,CX703,16:45,18:40,356,A333
香港,曼谷,PG806,16:55,20:45,1234567,A319
香港,曼谷,UL423,18:15,20:00,146,A340
香港,曼谷,TG639,18:55,20:40,1234567,A330
香港,曼谷,CX703,20:00,21:50,247,B773
香港,曼谷,TG607,20:45,22:30,1234567,B744
香港,曼谷,FD3719,20:50,22:50,1234567,A320
香港,曼谷,EK385,21:15,23:15,1234567,A380
香港,曼谷,RJ183,21:25,23:25,467,A330
香港,曼谷,CX709,21:40,23:35,246,A333
香港,曼谷,KQ861,21:50,23:40,467,B763
香港,曼谷,ET609,21:50,0:00,1246,B763
香港,曼谷,CX709,22:00,23:55,1357,A333
香港,曼谷,PK893,22:25,0:15,25,A310
香港,曼谷,HX767,23:40,1:35,1234567,A330
香港,苏黎世,LX139,23:15,6:10,1234567,A343
香港,伦敦,CX255,1:05,6:20,1234567,B744
香港,伦敦,QF029,7:55,13:30,124567,B744
香港,伦敦,NZ039,8:25,14:05,23567,B772
香港,伦敦,CX257,9:15,15:00,1234567,A343
香港,伦敦,CX253,14:55,20:10,1234567,B744
香港,伦敦,BA026,23:25,4:50,1234567,B744
香港,伦敦,VS201,23:30,4:50,1234567,A346
香港,伦敦,BA028,23:45,5:00,1234567,B772
香港,伦敦,HX875,23:50,5:55,1234567,A330
香港,伦敦,CX251,23:55,5:00,1234567,B744
香港,罗马,CX293,0:10,7:15,12456,A343
香港,首尔,CX412,0:20,4:45,1234567,A330
香港,首尔,OZ724,0:30,4:50,1234567,A330
香港,首尔,KE608,0:50,5:05,1234567,B773
香港,首尔,OZ750,1:00,5:20,1234567,A330
香港,首尔,AI310,7:30,11:45,1245,B773
香港,首尔,CX410,9:40,14:05,1234567,B744
香港,首尔,KE604,12:35,16:55,1234567,B772
香港,首尔,OZ722,13:15,17:30,1234567,A330
香港,首尔,7C2110,13:55,18:20,1234567,B738
香港,首尔,CX418,14:05,18:30,1234567,A330
香港,首尔,CX420,14:40,20:35,1234567,B772
香港,首尔,KE620,15:25,19:50,1234567,B773
香港,首尔,TG628,15:30,20:05,1234567,B772
香港,首尔,CX416,16:40,21:10,1234567,A330
香港,首尔,KE610,17:45,22:10,37,B738
香港,法兰克福,CX289,0:25,6:15,1234567,B744
香港,法兰克福,LH739,13:40,19:20,1234567,B744
香港,阿姆斯特丹,CX271,0:35,6:20,1234567,B744
香港,阿姆斯特丹,KA890,23:25,6:05,1234567,B744
香港,巴黎,CX271,0:35,9:50,1234567,B744
香港,巴黎,AF183,10:50,17:00,12456,B772
香港,巴黎,AF185,23:35,5:45,1234567,B773
香港,巴黎,CX261,23:45,6:20,1234567,B744
香港,迪拜,EK381,0:35,5:35,1234567,A380
香港,迪拜,CX745,10:00,6:15,1234567,A333
香港,迪拜,CX731,16:40,21:45,1234567,A333
香港,迪拜,EK383,17:10,22:25,1234567,A330
香港,迪拜,EK385,21:15,4:50,1234567,A380
香港,米兰,CX233,0:45,7:15,1234567,B773
香港,多哈,QR813,0:45,5:30,1234567,A330
香港,多哈,QR817,18:20,23:00,1256,A330
香港,巴林,CX745,1:00,7:40,2467,A330
香港,旧金山,CX872,1:00,21:55,1234567,B744
香港,旧金山,CO862,12:50,9:40,1234567,B744
香港,旧金山,CX870,14:05,11:00,123456,B744
香港,旧金山,SQ002,22:45,20:00,1234567,B773
香港,温哥华,CX888,1:00,21:30,1234567,B773
香港,温哥华,CX838,16:25,21:50,1234567,B744
香港,温哥华,AC008,18:10,14:30,1234567,B773
香港,纽约,CX888,1:00,7:10,1234567,B773
香港,纽约,CX830,9:35,13:10,1234567,B773
香港,纽约,CO116,10:25,13:50,1234567,B772
香港,纽约,CX840,16:20,20:15,23456,B773
香港,纽约,CX846,18:45,22:40,1234567,B773
香港,东京,CX524,1:05,6:15,1234567,A330
香港,东京,DL638,8:00,13:15,1234567,B767
香港,东京,CX548,8:30,13:20,1234567,B773
香港,东京,CX504,9:05,14:10,1234567,A333
香港,东京,NH912,9:55,14:45,1234567,B763
香港,东京,CX450,10:10,17:00,1234567,A333
香港,东京,CX520,10:20,15:20,1234567,A330
香港,东京,JL736,10:30,15:25,1234567,B767
香港,东京,CO078,10:30,15:40,1234567,B738
香港,东京,HX618,11:40,16:50,1234567,B738
香港,东京,NH1172,14:25,19:15,1234567,B772
香港,东京,NH910,15:20,20:15,1234567,B763
香港,东京,CX500,15:20,20:20,1234567,B772
香港,东京,JL028,15:45,20:25,1234567,B772
香港,东京,CX542,16:15,21:05,1234567,B773
香港,赫尔辛基,AY070,1:15,6:20,1234567,A340
香港,宿雾,CX921,9:05,11:45,2346,A330
香港,宿雾,2P799,11:10,14:00,47,A320
香港,宿雾,CX921,16:05,18:45,157,A330
香港,宿雾,2P799,18:20,21:10,135,A320
香港,宿雾,5J237,20:35,23:10,1234567,A319
香港,大阪,CX566,1:35,6:00,1234567,A330
香港,大阪,AI314,7:30,11:50,367,B773
香港,大阪,CX506,10:20,14:40,123456,B744
香港,大阪,UO616,11:00,15:35,1234567,B738
香港,大阪,CX564,13:15,19:20,1234567,B772
香港,大阪,NH176,15:25,19:40,1234567,B763
香港,大阪,CX502,16:35,21:00,1234567,B772
香港,阿布扎比,CX683,1:40,6:50,2467,A330
香港,吉达,CX745,1:30,10:00,135,A330
香港,吉达,CX683,1:40,10:05,2467,A330
香港,釜山,KE618,2:00,6:10,146,B739
香港,釜山,7C2152,2:00,6:10,246,B738
香港,釜山,KA318,2:35,6:40,1234567,A320
香港,釜山,KE616,13:10,17:20,1234567,B738
香港,上海,MU726,7:25,9:50,1234567,A320
香港,上海,KA802,8:00,10:20,1234567,A320
香港,上海,HX236,8:35,10:55,1234567,A330
香港,上海,CX368,9:00,11:15,1234567,B772
香港,上海,KA864,9:25,11:50,1234567,A320
香港,上海,KA876,10:00,12:20,1234567,A330
香港,上海,KA804,11:00,13:20,1234567,A330
香港,上海,HO1294,11:50,14:25,1234567,A320
香港,上海,KA892,12:00,14:20,1234567,A320
香港,上海,MU502,12:30,14:50,1234567,A320
香港,上海,MU722,12:30,14:55,1234567,A320
香港,上海,KA874,13:00,15:20,3456,A330
香港,上海,MU702,13:40,15:45,1234567,A320
香港,上海,CX360,14:00,16:20,123456,A330
香港,上海,KA890,15:00,17:20,13456,A330
香港,上海,HX238,15:15,17:35,1234567,A330
香港,上海,KA834,15:30,17:50,1234567,A320
香港,上海,MU504,15:35,18:00,1234567,A320
香港,上海,KA896,16:00,18:20,1234567,A320
香港,上海,KA808,17:00,19:20,456,A330
香港,上海,FM846,17:20,20:00,1234567,B738
香港,上海,CX364,17:30,19:50,1234567,A330
香港,上海,KA872,18:00,20:20,1234567,A330
香港,上海,MU510,18:35,20:45,1234567,A320
香港,上海,KA894,19:00,21:15,3456,A330
香港,上海,HO1292,19:30,21:50,1234567,A320
香港,上海,MU506,20:20,22:30,1234567,A320
香港,上海,KA870,21:10,23:25,1234567,A320
香港,上海,HX234,21:30,23:50,1234567,A330
香港,台北,KA486,8:20,9:55,1234567,A320
香港,台北,CX474,8:35,10:15,234567,B744
香港,台北,CX530,9:10,10:55,1234567,A330
香港,台北,BR892,9:50,11:25,1234567,A330
香港,台北,CI602,10:00,11:40,1234567,B744
香港,台北,CX450,10:00,11:45,1234567,A333
香港,台北,CI904,11:05,12:40,1234567,A333
香港,台北,BR852,11:10,12:50,1234567,B744
香港,台北,CI642,11:45,13:20,12356,B737
香港,台北,HX280,12:05,13:45,1234567,A330
香港,台北,CX406,12:25,14:00,1234567,A333
香港,台北,CI606,12:45,14:20,134567,B744
香港,台北,CX564,13:20,14:44,1234567,B773
香港,台北,CI680,13:10,14:45,1234567,A333
香港,台北,CX466,13:40,15:15,1234567,B772
香港,台北,BR868,13:45,15:20,1234567,A330
香港,台北,CI910,14:15,15:55,1234567,B738
香港,台北,CX420,14:25,16:05,1234567,A330
香港,台北,CX510,14:55,16:40,1234567,B772
香港,台北,BR870,15:30,17:10,1234567,B772
香港,台北,CI614,15:35,17:15,1234567,A333
香港,台北,CI914,15:45,17:20,123457,A330
香港,台北,CX472,15:55,17:30,1234567,A343
香港,台北,CX400,16:30,18:15,1234567,B744
香港,台北,CI916,17:25,18:55,124567,A333
香港,台北,CX470,17:35,19:10,123456,B772
香港,台北,HX282,17:20,18:50,1234567,A330
香港,台北,KA482,18:20,19:50,1234567,A330
香港,台北,CI618,18:20,19:55,1234567,A330
香港,台北,CX402,18:55,20:30,234567,B773
香港,台北,CX464,19:30,21:10,1234567,A330
香港,台北,CX468,20:00,21:45,1234567,B773
香港,台北,CI920,20:10,21:50,1234567,A333
香港,台北,KA488,21:20,22:45,1234567,A330
香港,台北,CI924,21:20,22:55,3456,A333
香港,台北,CI928,22:15,23:50,456,A333
香港,马尼拉,CX907,8:05,9:55,1234567,B744
香港,马尼拉,5J109,8:25,10:25,1234567,A319
香港,马尼拉,PR313,8:25,10:25,1234567,A320
香港,马尼拉,CX901,9:05,11:10,1234567,B772
香港,马尼拉,5J111,11:00,13:00,1234567,A319
香港,马尼拉,PR301,11:10,13:15,1234567,B744
香港,马尼拉,PR319,13:20,15:30,1234567,A320
香港,马尼拉,CX919,14:35,16:50,1234567,B744
香港,马尼拉,CX903,16:40,18:45,234567,B744
香港,马尼拉,KA931,17:35,19:40,1234567,A320
香港,马尼拉,PR307,18:00,20:00,1234567,B744
香港,马尼拉,5J119,19:30,21:30,1234567,A320
香港,马尼拉,CX913,20:00,22:20,26,B772
香港,马尼拉,CX905,21:40,23:35,1234567,B772
香港,马尼拉,5J143,21:55,23:55,1234567,A320
香港,新加坡,CX691,8:00,11:50,1234567,B773
香港,新加坡,SQ001,8:05,11:55,1234567,B773
香港,新加坡,CX759,8:55,12:30,1234567,B772
香港,新加坡,CX713,8:55,15:10,1234567,B773
香港,新加坡,SQ859,10:30,14:10,1234567,B772
香港,新加坡,3K692,11:05,14:50,1234567,A320
香港,新加坡,CX739,11:35,15:25,1234567,A330
香港,新加坡,HX751,12:15,16:00,1234567,B738
香港,新加坡,TR2963,12:25,16:10,1234567,A320
香港,新加坡,SQ891,12:30,16:10,1234567,B772
香港,新加坡,SQ863,13:30,17:10,1234567,A333
香港,新加坡,CX735,14:20,18:05,1234567,B773
香港,新加坡,3K698,14:50,18:35,1234567,A320
香港,新加坡,CX635,15:15,19:05,1234567,A330
香港,新加坡,SQ861,15:20,19:20,1234567,A380
香港,新加坡,CX711,16:00,19:45,134567,B773
香港,新加坡,TR2967,18:25,22:20,1234567,A320
香港,新加坡,SQ865,18:30,22:10,1234567,B773
香港,新加坡,SQ871,19:55,23:35,1234567,B772
香港,新加坡,CX715,20:00,23:45,1234567,B773
香港,新加坡,3K696,20:25,0:10,1234567,A320
香港,新加坡,CO117,20:40,0:35,1234567,B738
香港,新加坡,HX783,21:20,0:50,1234567,A320
香港,新加坡,TR2969,21:20,1:20,57,A320
香港,新加坡,HX753,21:30,1:30,1234567,B738
香港,檀香山,DL638,8:00,6:55,1234567,B767
香港,杭州,KA626,8:00,10:15,1234567,A321
香港,杭州,KA620,12:25,14:35,1234567,A333
香港,杭州,KA636,15:45,17:55,1234567,A320
香港,杭州,MU596,17:00,19:00,1234567,A320
香港,杭州,KA622,20:00,22:10,1234567,A330
香港,杭州,UO128,21:20,23:40,1234567,B738
香港,广州,KA782,8:00,8:55,1234567,A333
香港,广州,CZ634,18:20,19:10,1234567,A320
香港,广州,KA786,20:20,21:20,1234567,A321
香港,北京,HX336,7:55,11:25,1234567,A330
香港,北京,KA900,8:00,11:15,1234567,A330
香港,北京,CA118,8:30,11:55,1234567,A321
香港,北京,CX390,9:00,12:25,1234567,A333
香港,北京,CA108,10:30,13:55,1234567,A320
香港,北京,KA908,12:00,15:05,1234567,A330
香港,北京,CA136,12:15,15:35,1234567,B738
香港,北京,CA102,12:45,16:00,1234567,A321
香港,北京,KA992,14:00,17:20,1234567,A330
香港,北京,CA112,14:20,17:30,1234567,A320
香港,北京,CZ309,14:35,17:50,1234567,A380
香港,北京,HX312,14:35,18:00,1234567,A330
香港,北京,KA902,15:00,18:20,1234567,A330
香港,北京,KA974,16:45,20:10,1234567,A320
香港,北京,CX312,17:00,20:25,1234567,A330
香港,北京,CA110,17:30,21:00,1234567,A330
香港,北京,KA904,18:00,21:30,1234567,A333
香港,北京,KA906,19:00,22:10,1234567,A330
香港,哥打基亚巴鲁,KA061,8:00,11:00,247,A320
香港,哥打基亚巴鲁,AK1642,10:05,13:05,246,A320
香港,哥打基亚巴鲁,MH385,15:30,18:30,1234567,B734
香港,哥打基亚巴鲁,KA063,15:55,19:00,15,A320
香港,哥打基亚巴鲁,AK6803,19:50,22:45,1234567,A320
香港,河内,KA297,8:45,9:50,12356,A321
香港,河内,VN591,14:30,15:30,1234567,A321
香港,河内,HX528,17:50,18:45,246,B738
香港,河内,KA295,18:00,18:55,24567,A321
香港,吉隆坡,CX791,1:30,5:10,1234567,A333
香港,吉隆坡,MH075,8:45,12:25,1234567,A330
香港,吉隆坡,CX723,8:50,12:30,1234567,A330
香港,吉隆坡,AK1071,11:45,15:30,1234567,A320
香港,吉隆坡,CX725,12:50,16:40,1234567,A333
香港,吉隆坡,MH073,14:45,18:25,1234567,B772
香港,吉隆坡,CX729,16:15,19:55,1234567,B773
香港,吉隆坡,AK1659,17:45,21:35,1234567,A320
香港,吉隆坡,AK1073,18:15,22:10,1234567,A320
香港,吉隆坡,AK1079,20:50,0:40,1234567,A320
香港,吉隆坡,AK1655,21:05,0:50,1234567,A320
香港,胡志明市,CX767,8:50,10:20,1234567,B773
香港,胡志明市,VN595,15:20,16:45,1234567,A320
香港,胡志明市,CX765,16:20,17:50,1234567,A333
香港,胡志明市,CO079,22:50,0:25,1234567,B738
香港,福州,KA660,8:50,10:20,1234567,A330
香港,福州,MU576,15:20,16:40,1234567,A320
香港,福州,KA662,17:45,19:05,1234567,A321
香港,悉尼,CX139,8:55,21:00,1234567,A333
香港,悉尼,QF088,9:20,21:50,124,A330
香港,悉尼,CX111,19:00,7:15,1234567,A330
香港,悉尼,VS200,19:10,7:20,1234567,A346
香港,悉尼,QF128,20:05,8:20,1234567,A380
香港,悉尼,CX161,21:35,9:50,1234567,A333
香港,悉尼,QF088,23:30,11:50,1357,A333
香港,悉尼,CX101,23:55,12:05,1234567,A333
香港,金边,KA206,8:55,10:30,1246,A333
香港,金边,KA206,14:30,16:05,357,A333
香港,高雄,KA432,9:00,10:20,234567,A330
香港,高雄,AE892,10:15,11:35,1234567,A333
香港,高雄,HX296,12:10,13:15,234567,B738
香港,高雄,KA436,12:40,14:05,1234567,A330
香港,高雄,CI948,16:40,18:00,1234567,A333
香港,高雄,KA454,16:45,18:15,1234567,A320
香港,高雄,KA430,18:30,19:50,2356,A330
香港,高雄,AE986,18:30,19:50,1234567,E90
香港,高雄,KA452,19:35,21:00,123457,A321
香港,高雄,CI938,21:40,23:00,1234567,A333
香港,高雄,KA450,21:55,23:15,1234567,A330
香港,长沙,KA720,9:00,10:30,246,A321
香港,长沙,KA720,17:30,19:10,1357,A321
香港,长沙,UO437,18:10,19:40,467,B738
香港,雅加达,GA873,9:00,12:40,1234567,B738
香港,雅加达,CX777,9:30,13:15,1234567,A340
香港,雅加达,CX719,16:15,20:00,1234567,A333
香港,雅加达,CI679,16:35,20:20,1234567,A333
香港,雅加达,GA863,16:55,20:35,1234567,A330
香港,雅加达,CX797,19:05,22:45,1234567,A330
香港,名古屋,CX530,9:20,15:30,1234567,A330
香港,名古屋,CX536,10:20,15:10,1234567,A330
香港,名古屋,NH1242,14:00,18:55,1234567,B737
香港,名古屋,CX532,16:30,21:00,1234567,B772
香港,厦门,KA618,9:50,11:10,1234567,A320
香港,厦门,MF382,12:20,13:25,1234567,B738
香港,厦门,KA602,12:45,13:55,1234567,A321
香港,厦门,KA604,17:40,18:55,1234567,A333
香港,厦门,MF8016,20:45,21:45,1234567,B738
香港,厦门,KA616,21:55,23:10,1234567,A320
香港,巴厘岛,CX785,10:20,15:00,1234567,B772
香港,巴厘岛,HX705,12:10,16:40,127,B738
香港,巴厘岛,GA857,15:45,20:40,1234567,B738
香港,巴厘岛,HX709,19:10,23:50,1234567,A330
香港,墨尔本,CX163,10:10,22:25,1234567,A333
香港,墨尔本,CX135,19:10,7:20,1234567,A333
香港,墨尔本,QF030,19:50,7:50,1234567,B744
香港,墨尔本,CX195,23:45,12:00,357,A333
香港,墨尔本,CX105,23:45,14:10,1246,A333
香港,台中,AE1820,10:10,11:40,1234567,E90
香港,台中,UO162,12:05,13:40,1234567,B738
香港,台中,KA490,12:15,13:55,1234567,A320
香港,台中,AE1822,14:15,15:45,1234567,E90
香港,台中,KA492,18:50,20:30,1234567,A320
香港,台中,AE1826,19:20,20:50,1234567,E90
香港,台中,AE1832,20:40,22:10,1234567,E90
香港,台中,UO192,20:45,22:25,1234567,B738
香港,济州岛,KA328,8:50,13:05,125,A320
香港,成都,KA820,10:25,12:55,1234567,A320
香港,成都,CA412,11:10,13:45,1234567,A319
香港,成都,3U8618,17:15,19:45,15,A320
香港,成都,KA824,19:15,22:05,1234567,A320
香港,成都,CA428,19:25,22:30,1234567,B733
香港,成都,HX452,21:25,23:55,1234567,B738
香港,南京,KA810,10:40,13:20,1234567,A330
香港,南京,MU766,11:20,13:30,1234567,A321
香港,南京,HX216,11:30,14:00,1234567,B738
香港,南京,KA862,18:40,21:05,1234567,A320
香港,清迈,KA232,14:00,16:00,3467,A320
香港,多伦多,CX828,10:45,13:35,1234567,B773
香港,多伦多,AC016,15:10,18:05,1234567,B772
香港,多伦多,CX826,16:35,19:35,1234567,B773
香港,青岛,KA950,10:35,13:45,1234567,A330
香港,芝加哥,CO896,11:10,12:37,1234567,B744
香港,芝加哥,CX806,11:50,13:45,1234567,B773
香港,波士顿,DL186,9:45,15:50,145,B772
香港,波士顿,CO898,11:00,19:19,3456,B772
香港,冲绳,UO658,11:25,14:50,1234567,B738
香港,冲绳,KA378,12:40,16:15,3467,A320
香港,揭阳,CZ312,11:15,12:10,1234567,B733
香港,福冈,KA386,11:20,15:40,1234567,A320
香港,福冈,CX510,15:15,20:55,1234567,B772
香港,南昌,MU5018,11:25,13:00,25,A320
香港,武汉,KA854,8:50,10:35,1347,A320
香港,武汉,KA850,9:00,11:00,347,A320
香港,武汉,CX3076,11:35,13:20,1234567,B738
香港,武汉,KA850,17:35,19:25,1256,A320
香港,宁波,KA640,11:20,13:30,1234567,A320
香港,宁波,MU716,11:55,14:00,1234567,A320
香港,宁波,KA642,17:55,20:05,246,A320
香港,莫斯科,CX207,0:45,7:25,46,A343
香港,莫斯科,SU596,11:35,18:20,1234567,B763
香港,无锡,MU2902,11:30,13:40,1234567,A320
香港,海口,UO107,11:30,12:40,1234567,A330
香港,海口,HX137,22:50,23:55,1234567,A320
香港,三亚,KA650,9:55,11:20,156,A321
香港,三亚,HX161,11:45,13:20,1234567,B738
香港,三亚,UO197,18:05,19:35,357,B738
香港,三亚,KA650,19:00,20:35,47,A320
香港,昆明,KA760,11:55,14:25,1234567,A330
香港,昆明,UO273,15:55,18:15,12347,A330
香港,昆明,MU734,17:05,19:10,15,B737
香港,济南,MU5026,12:05,14:55,256,A319
香港,郑州,CZ3074,12:00,14:20,1234567,B733
香港,布里斯班,CX157,12:50,23:25,2467,A330
香港,布里斯班,QF098,22:45,9:40,1356,B744
香港,布里斯班,CX103,23:40,10:45,2457,A333
香港,布里斯班,CX103,23:50,12:35,136,A333
香港,丹佛,CO862,12:50,15:04,2345,B744
香港,天津,CA104,12:50,16:00,1234567,B733
香港,天津,GS6686,16:10,18:55,1234567,E191
香港,洛杉矶,CX884,13:00,11:10,1234567,B773
香港,洛杉矶,CX882,16:25,14:35,1234567,B773
香港,洛杉矶,CX880,23:40,21:50,1234567,B773
香港,泉州,ZH9042,13:05,14:10,1234567,A320
香港,泉州,ZH9050,15:50,17:10,1234567,A320
香港,泉州,ZH9044,19:45,21:00,1234567,B738
香港,重庆,KA840,13:50,16:05,1234567,A321
香港,重庆,CA420,18:25,20:30,1234567,B737
香港,重庆,HX496,20:45,23:05,1234567,B738
香港,徐州,FM866,14:10,16:10,257,B738
香港,新德里,CX751,14:25,20:45,1234567,A333
香港,新德里,AI315/7,18:00,21:35,1234567,B773
香港,新德里,IT032,18:15,21:45,124567,A330
香港,新德里,9W077,19:40,23:00,1234567,A330
香港,新德里,CX695,20:20,0:05,1234567,A333
香港,西安,KA946,12:05,14:40,1234567,A320
香港,西安,MU204,14:35,17:00,1234567,A319
香港,斯里巴加湾,BI636,14:40,17:40,1234567,A330
香港,海参崴,XF764,14:40,22:20,25,A320
香港,海参崴,S7546,15:20,23:00,37,A320
香港,温州,MU5028,14:55,16:35,1234567,B737
香港,珀斯,CX171,15:05,22:35,1234567,A333
香港,珀斯,QF068,21:05,4:55,247,A333
香港,珀斯,CX137,22:50,6:35,246,A343
香港,槟城,CX693,15:00,18:35,1234567,A330
香港,槟城,AK1575,19:55,23:30,1234567,A320
香港,湛江,CZ3072,15:25,16:40,246,B733
香港,泗水,CX781,15:55,19:35,1234567,B772
香港,特拉维夫,LY076,16:15,22:10,1237,B772
香港,桂林,KA700,9:15,10:40,347,A320
香港,桂林,KA704,13:55,15:20,1256,A320
香港,桂林,HX123,16:15,17:45,1234567,B738
香港,利雅得,CX743,16:35,21:45,234567,A343
香港,石家庄,9C8572,16:55,19:45,256,A320
香港,南宁,UO139,17:05,18:25,1234567,B738
香港,苏梅岛,PG806,16:55,19:00,1234567,A319
香港,加德满都,RA410,17:05,19:50,26,B757
香港,加德满都,KA192,17:30,22:20,357,A333
香港,加德满都,KA196,18:55,22:10,124,A330
香港,大连,CA106,17:25,21:00,1234567,B738
香港,孟买,IT072,17:30,21:35,1234567,A330
香港,孟买,AI315/7,18:00,1:20,1234567,B773
香港,孟买,9W075,19:15,23:15,1234567,B773
香港,孟买,CX685,20:10,23:55,1234567,A333
香港,孟买,CX709,21:40,4:00,246,A333
香港,长春,CZ634,18:40,0:20,1234567,A320
香港,奥克兰,CX117,15:25,7:35,356,A343
香港,奥克兰,NZ080,19:15,11:10,1234567,B772
香港,奥克兰,CX107,21:05,12:55,123457,A343
香港,科伦坡,CX711,16:00,22:15,1356,B773
香港,科伦坡,UL423,18:15,23:00,146,A340
香港,科伦坡,CX703,20:00,0:50,247,B773
香港,亚的斯亚贝巴,ET609,21:50,6:25,1246,B763
香港,伊斯兰堡,PK893,22:25,4:50,25,A310
香港,班加罗尔,KA152,22:40,2:00,1234567,A330
香港,阿德莱德,CX105,23:35,10:45,1234567,A333
香港,约翰内斯堡,CX749,23:45,7:00,1234567,A343
香港,约翰内斯堡,SA287,23:50,7:05,1234567,A343
香港,凯恩斯,CX103,23:50,14:30,2457,A333
香港,凯恩斯,CX103,23:50,9:05,136,A333
香港,莫尔兹比港,PX009,0:15,9:00,3,B763
香港,毛里求斯,MK641,13:00,18:45,15,A330
香港,斐济,FJ392,16:40,6:40,46,B744
香港,马德拉斯,CX631,22:35,1:45,3567,A333
香港,安曼,RJ183,21:25,5:15,467,A330
香港,卡拉奇,CX703,16:45,23:25,1356,A333
香港,拉合尔,PK893,22:25,6:35,5,A310
香港,太原,MU5090,12:50,15:25,15,A320
香港,合肥,MU5032,17:40,19:40,15,A320
香港,内罗毕,KQ861,21:50,6:10,467,B763
香港,关岛,CO180,22:30,5:05,15,B738
香港,盐城,MU2071,10:50,13:00,26,A320
香港,梅州,CZ342,14:55,16:05,15,E145
香港,伊斯坦布尔,TK071,23:25,5:45,124567,B773
香港,宜昌,3U8982,19:25,21:15,6,A320
济南,香港,MU5025,8:15,11:05,256,A319
济南,台中,SC4091,7:55,10:40,5,B737
济南,大阪,SC4093,8:05,11:35,26,B738
济南,台北,SC4097,8:25,10:55,1347,B738
济南,台北,BR761,21:05,23:55,2457,MD90
济南,首尔,SC4095,8:20,10:45,47,B738
济南,首尔,KE848,15:15,17:55,25,B737
昆明,大阪,MU747,7:30,15:40,1234567,B737
昆明,曼谷,MU741,8:10,9:05,12457,B737
昆明,曼谷,MU2025,9:30,12:00,36,B737
昆明,曼谷,TG613,15:20,16:35,13457,AB6
昆明,仰光,MU2031,8:10,8:40,1234567,CRJ200
昆明,仰光,MU2011,8:35,11:30,36,CRJ200
昆明,仰光,CA905,12:40,13:15,23467,B737
昆明,金边,MU745,8:55,12:30,147,CRJ200
昆明,吉隆坡,MU763,9:05,14:40,47,B737
昆明,吉隆坡,MH353,14:10,17:50,357,B738
昆明,加德满都,MU757,9:55,10:35,247,B737
昆明,万象,QV827,10:50,11:20,1234567,A320
昆明,万象,MU751,13:30,14:00,1234567,CRJ200
昆明,新加坡,MU749,9:05,14:50,36,B737
昆明,新加坡,MI913,13:10,17:15,47,A319
昆明,新加坡,MI915,16:15,20:20,2,A320
昆明,新加坡,MU5093,22:00,2:00,1234567,A320
昆明,达卡,MU5708,0:55,1:00,127,B737
昆明,达卡,MU7501,14:00,14:00,2346,B737
昆明,曼德勒,MU2029,14:05,13:50,1234567,B737
昆明,台北,MU2027,16:20,19:40,27,B737
昆明,台北,B7190,16:30,19:40,6,MD90
昆明,台北,3U8957,16:50,19:50,135,A320
昆明,高雄,B7290,12:05,15:05,37,MD90
昆明,香港,MU733,14:00,16:10,15,B733
昆明,香港,KA761,15:25,17:35,1234567,A333
昆明,香港,UO274,19:05,21:10,12347,A330
昆明,首尔,MU2003,2:10,6:45,15,A333
昆明,首尔,KE886,23:50,4:35,15,B737
昆明,清迈,MU2593,17:55,18:40,1357,CRJ200
昆明,普吉岛,MU7609,0:30,2:45,16,B737
昆明,加尔各答,MU555,23:30,23:20,13567,B737
昆明,迪拜,MU755,16:10,19:00,26,B763
杭州,首尔,CA139,8:55,12:05,1234567,A319
杭州,首尔,OZ360,15:00,18:10,1234567,B767
杭州,台北,MF885,9:30,11:00,5,B738
杭州,台北,CA149,9:30,11:15,1234567,A320
杭州,台北,GE311,10:25,12:00,2467,A321
杭州,台北,BR757,21:20,23:15,1246,B744
杭州,大阪,NH952,16:25,19:50,1234567,B737
杭州,东京,NH930,13:40,17:50,1234567,A320
杭州,香港,UO129,8:00,10:05,1234567,B738
杭州,香港,KA623,8:00,10:10,1234567,A330
杭州,香港,KA627,11:15,13:30,1234567,A321
杭州,香港,MU595,14:00,16:00,1234567,A320
杭州,香港,KA621,15:35,17:50,1234567,A330
杭州,香港,KA637,19:10,21:25,1234567,A321
杭州,曼谷,HU7959,22:30,1:40,357,B738
杭州,曼谷,FD3689,23:25,2:35,1234567,A320
杭州,澳门,MF897,8:50,10:55,17,B738
杭州,澳门,NX121,9:00,11:15,1234567,A321
杭州,澳门,NX125,15:35,18:00,1234567,A319
杭州,澳门,MF897,16:10,18:10,5,B737
杭州,新加坡,3K832,0:35,5:50,1356,A320
杭州,新加坡,MF865,8:10,14:45,1234567,B738
杭州,吉隆坡,D7303,14:10,19:10,135,A330
杭州,吉隆坡,D7307,23:20,4:20,2467,A330
杭州,阿姆斯特丹,KL882,13:10,18:55,247,B772
杭州,高雄,AE996,11:00,13:10,135,A333
杭州,台中,AE980,17:30,19:15,37,E90
杭州,台中,B7561,19:30,21:30,2,MD90
大连,首尔,CZ685,8:30,10:40,1234567,A321
大连,首尔,OZ302,10:55,13:10,1234567,A320
大连,首尔,KE870,14:30,16:50,1234567,B737
大连,首尔,CZ675,18:45,20:45,1234567,A321
大连,东京,CZ629,8:40,12:25,1357,A321
大连,东京,CA951,8:50,12:20,1457,B738
大连,东京,JL828,13:00,16:55,1234567,B767
大连,东京,NH904,13:15,17:05,1234567,B763
大连,福冈,CZ645,10:30,13:20,1357,A319
大连,福冈,CA953,11:20,14:10,1234567,B738
大连,广岛,CZ647,10:30,13:20,246,A319
大连,广岛,CA153,10:40,13:30,13567,B737
大连,大阪,CZ641,12:00,15:10,1234567,A321
大连,大阪,CA151,12:20,15:30,136,A319
大连,大阪,NH946,14:15,17:25,1234567,B737
大连,香港,CA105,12:55,16:25,1234567,B738
大连,济州岛,CZ6097,18:30,21:00,47,A321
大连,台北,CZ3013,15:00,17:45,37,A319
大连,台北,CI536,18:35,21:55,5,A333
大连,台北,B7105,20:20,23:00,25,A330
三亚,香港,KA651,12:05,13:35,156,A321
三亚,香港,HX162,14:05,15:25,1234567,B738
深圳,台北,CZ3087,9:50,11:35,134567,B738
深圳,台北,ZH9095,14:30,16:00,1234567,B738
深圳,台北,CI528,17:55,19:40,13457,B744
深圳,台北,B7188,19:30,21:20,247,B744
深圳,台北,B7188,19:35,21:25,15,B744
深圳,新加坡,MI961,11:50,15:50,157,A319
深圳,新加坡,MI965,17:15,21:10,4,A320
深圳,新加坡,TR2953,23:50,3:40,12356,A320
深圳,高雄,CI586,11:30,13:05,47,A333
深圳,吉隆坡,AK1087,11:25,15:15,1234567,A320
深圳,吉隆坡,AK1089,20:50,0:35,1234567,A320
深圳,沙巴,AK6413,13:40,16:40,1234567,A320
深圳,大阪,ZH9097,8:20,14:25,1357,A320
深圳,首尔,ZH9787,9:50,13:40,1234567,B738
深圳,首尔,KE828,12:45,17:20,1357,A330
深圳,首尔,OZ372,13:50,18:20,1357,B767
深圳,曼谷,FD3623,23:20,1:15,1234567,A320
哈尔滨,台北,CZ3009,8:00,11:30,135,A320
哈尔滨,台北,BR767,15:00,18:40,147,A330
哈尔滨,东京,CZ657,8:15,12:00,246,A320
哈尔滨,南萨哈林斯克,HZ132,11:15,16:25,4,B737
哈尔滨,海参崴,XF4673,10:55,15:15,257,A320
哈尔滨,大阪,CZ631,15:35,19:35,26,A320
哈尔滨,哈巴罗夫斯克,XF4657,15:10,19:40,15,A320
哈尔滨,首尔,CZ683,8:30,11:50,246,A320
哈尔滨,首尔,CZ683,14:30,17:50,1357,A320
哈尔滨,首尔,OZ340,14:30,17:50,2467,A321
哈尔滨,新泻,CZ615,8:05,11:15,157,A320
重庆,普吉岛,3U8809,22:10,0:40,357,A320
重庆,台北,B7192,12:45,15:45,14,MD90
重庆,台北,GE319,15:00,17:45,46,A321
重庆,台北,CA409,15:20,18:20,23567,B738
重庆,台北,3U8979,18:25,21:20,1246,A320
重庆,香港,HX497,8:20,10:20,1234567,B738
重庆,香港,CA419,15:10,17:20,1234567,B737
重庆,香港,KA841,17:05,19:15,1234567,A321
重庆,多哈,QR849,0:55,4:55,246,A330
重庆,曼谷,FD3821,11:10,13:10,1234567,A320
重庆,澳门,NX181/7,15:20,17:30,245,A319
重庆,东京,CA157,13:50,21:00,1234567,B738
重庆,首尔,OZ358,12:30,17:00,37,A321
重庆,台中,CI252,18:10,20:40,14,E90
重庆,高雄,CI594,19:10,22:10,36,A333
重庆,新加坡,MI971,12:35,17:30,1357,A319
重庆,新加坡,MI975,18:10,22:55,246,A320
合肥,澳门,NX029,14:25,17:10,24,A319
合肥,台北,MU2049,9:00,11:10,135,A320
合肥,台北,GE315,17:30,19:45,2,A321
合肥,香港,MU5031,7:50,9:50,26,A320
合肥,高雄,GE3683,10:20,12:45,3,A321
合肥,高雄,FE186,18:55,21:20,4,MD83
合肥,新加坡,HU7935,20:25,1:35,37,B738
合肥,首尔,CA435,11:05,14:20,13457,B733
宁波,台北,MU2009,9:00,10:20,1234567,A320
宁波,台北,AE990,18:35,20:20,1346,A333
宁波,台北,B7127,19:25,21:15,37,A330
宁波,澳门,NX161,14:35,16:55,1234567,A319
宁波,香港,MU715,8:35,10:50,1234567,A320
宁波,香港,KA643,9:05,11:10,1234567,A320
宁波,香港,KA641,14:25,16:35,1234567,A320
宁波,新加坡,3K836,18:35,23:35,135,A320
宁波,高雄,BR795,13:10,15:20,25,MD90
宁波,台中,AE966,19:10,21:00,25,E90
宁波,台中,B7527,19:40,21:30,17,MD90
贵阳,台北,CZ3021,16:20,18:45,1356,B738
贵阳,台北,FE126,19:40,22:20,27,MD83
贵阳,曼谷,CZ3081,9:50,14:30,1234567,B738
青岛,东京,MU209,10:20,14:10,2367,A320
青岛,东京,NH928,13:40,17:35,1234567,B763
青岛,首尔,KE846,9:45,12:10,1234567,B738
青岛,首尔,MU2033,10:00,12:15,1234567,A320
青岛,首尔,CA127,10:30,12:50,1234567,A321
青岛,首尔,OZ318,10:35,13:00,1234567,A320
青岛,首尔,MU559,13:45,15:50,1234567,A320
青岛,首尔,KE842,14:55,17:20,1234567,A330
青岛,首尔,OZ320,16:10,18:40,1234567,A321
青岛,首尔,CA133,19:00,21:10,1234567,B738
青岛,福冈,MU535,10:50,13:40,1234567,B737
青岛,大阪,MU525,12:15,15:45,1357,A320
青岛,大阪,NH158,14:00,17:25,1234567,B737
青岛,香港,KA951,14:45,17:55,1234567,A330
青岛,名古屋,MU743,17:40,20:50,1234567,A321
青岛,新加坡,MU771,16:05,23:45,1234567,A320
青岛,釜山,KE890,13:10,15:55,1234567,B739
青岛,法兰克福,LH785,21:05,5:30,246,A343
武汉,福冈,MU517,8:00,12:55,1234567,B738
武汉,香港,CZ3075,8:45,10:35,1234567,B738
武汉,香港,KA855,11:30,13:40,1347,A320
武汉,香港,KA855,20:20,22:25,256,A320
武汉,台北,CZ3015,14:20,16:55,5,B738
武汉,台北,GE3161,16:35,19:15,36,A321
武汉,台北,CI542,19:10,21:45,36,A333
武汉,首尔,KE882,12:15,15:50,246,B738
武汉,澳门,CA119,14:35,16:10,2457,A320
武汉,胡志明市,CZ367,18:40,22:45,1234567,B738
南京,澳门,NX155,9:15,10:55,1234567,A321
南京,澳门,NX127,15:45,18:05,1234567,A321
南京,大阪,MU533,8:10,11:20,25,A320
南京,法兰克福,LH781,13:00,18:55,135,A343
南京,曼谷,MU2989,22:40,1:40,57,A320
南京,曼谷,FD9427,23:10,2:10,16,A320
南京,台北,FM805,10:35,12:30,4,B738
南京,台北,AE988,11:30,13:35,246,B744
南京,台北,MU5001,14:30,16:20,1234567,A321
南京,台北,B7125,20:20,22:20,135,MD90
南京,新加坡,MU771,18:50,0:30,1234567,A320
南京,台中,B7529,19:20,21:30,5,MD90
南京,首尔,MU579,8:15,11:15,134567,A320
南京,首尔,OZ350,14:45,17:55,123457,A320
南京,东京,MU775,8:10,12:00,47,A320
福州,香港,KA663,11:25,13:00,1234567,A330
福州,香港,MU575,13:00,14:20,1234567,A319
福州,台北,MF879,9:00,10:25,1234567,B738
福州,台北,GE3141,11:30,13:00,13,A321
福州,台北,GE3141,16:30,18:30,457,A321
福州,台北,MF883,17:25,18:45,136,B738
福州,台中,MF8009,8:30,10:10,6,B737
福州,台中,GE381,15:30,16:40,7,A321
福州,台中,AE974,19:00,20:40,135,E90
福州,新加坡,MF865,10:25,14:45,1234567,B738
福州,大阪,ZH9097,10:55,14:25,1357,A320
福州,高雄,GE3663,9:50,11:40,14,A321
福州,高雄,MF861,18:10,19:55,25,B738
福州,高雄,B7275,19:00,21:00,37,MD90
福州,东京,ZH9265,8:15,12:25,1234567,A320
福州,吉隆坡,MF857,10:05,15:50,1356,B738
福州,澳门,MF893,9:00,10:30,246,B738
桂林,香港,CZ3031,15:50,17:10,1234567,B738
桂林,香港,KA703,11:40,13:15,367,A320
桂林,香港,HX122,18:30,19:50,1234567,B738
桂林,香港,KA701,20:25,22:00,1245,A320
桂林,首尔,MU2015,0:40,5:20,47,A320
桂林,首尔,OZ326,23:30,4:00,47,A320
桂林,吉隆坡,AK1035,11:20,15:20,1246,A320
桂林,台北,CZ3019,16:45,18:45,13457,B738
桂林,高雄,BR792,19:55,22:05,246,MD90
长沙,首尔,OZ322,0:20,4:20,26,A321
长沙,首尔,MU2023,0:55,4:40,2467,B737
长沙,首尔,CZ3065,12:15,15:50,37,A320
长沙,首尔,KE820,12:30,16:30,13457,A321
长沙,台北,CZ3017,12:30,14:50,125,A320
长沙,台北,AE978,13:05,15:35,46,A333
长沙,台北,MF889,16:55,19:05,247,B738
长沙,台北,GE3761,19:10,21:30,36,A321
长沙,香港,KA721,11:30,13:10,12467,A320
长沙,香港,KA721,19:15,20:50,35,A320
长沙,香港,UO438,20:25,22:00,467,B738
长沙,新加坡,MI953,18:25,22:55,1357,A320
长沙,高雄,GE3667,10:10,12:20,7,A320
长沙,高雄,AE954,19:25,21:45,25,B738
广州,布里斯班,CZ381,21:10,7:55,1357,A333
广州,珀斯,CZ319,21:10,5:10,246,A333
广州,曼谷,CZ357,8:50,10:45,1234567,A320
广州,曼谷,CZ3081,12:40,14:30,1234567,B738
广州,曼谷,MD011,13:55,15:55,26,B763
广州,曼谷,TG669,15:45,17:45,1234567,A333
广州,曼谷,CZ363,15:55,17:55,1234567,A320
广州,曼谷,UL883,18:10,20:10,2357,A340
广州,曼谷,CZ361,19:45,21:30,1234567,B738
广州,曼谷,TG679,20:55,22:55,1234567,A333
广州,曼谷,KQ887,21:00,23:00,235,B763
广州,曼谷,FD3649,23:55,1:45,1234567,A320
广州,洛杉矶,CZ327,21:00,18:50,1234567,B772
广州,名古屋,CZ379,14:00,21:05,1234567,A321
广州,墨尔本,CZ343,9:00,21:30,246,A330
广州,墨尔本,CZ321,21:00,9:40,1234567,A330
广州,苏梅岛,CZ3027,18:10,20:25,25,A319
广州,阿姆斯特丹,CZ345,10:00,18:55,1234567,A330
广州,阿姆斯特丹,CZ307,23:55,6:45,247,A330
广州,温哥华,CZ329,14:00,10:45,135,B772
广州,槟城,CZ395,17:15,21:00,1234567,B737
广州,暹粒,CZ3053,16:35,18:30,1357,A319
广州,台北,CZ3097,11:30,13:30,1234567,A321
广州,台北,BR708,13:10,15:20,157,B773
广州,台北,HU7981,16:00,18:00,357,B738
广州,台北,CI522,17:00,19:00,12456,B744
广州,加德满都,CZ3067,19:30,22:10,1234567,A319
广州,开罗,MS959,0:05,5:00,13567,B773
广州,普吉岛,CZ6057,23:15,1:20,135,B738
广州,东京,NH934,9:15,14:40,1234567,B763
广州,东京,CZ385,9:30,14:35,1234567,B772
广州,东京,JL856,14:35,20:00,1234567,B767
广州,利雅得,SV881,13:50,18:05,357,B772
广州,吉隆坡,AK1019,1:15,5:25,1234567,A320
广州,吉隆坡,CZ349,8:20,12:20,1234567,B737
广州,吉隆坡,AK1013,10:20,14:20,1234567,A320
广州,吉隆坡,MH377,14:40,18:35,1234567,A330
广州,吉隆坡,CZ365,17:20,21:10,1234567,A320
广州,吉隆坡,AK1017,20:50,0:45,1234567,A320
广州,首尔,OZ356,0:55,5:10,25,A321
广州,首尔,CZ337,9:10,13:15,1234567,A321
广州,首尔,OZ370,12:20,16:45,1234567,A321
广州,首尔,KE866,12:40,17:05,2467,A333
广州,首尔,CZ339,17:05,21:30,1234567,A321
广州,釜山,OZ306,13:55,17:50,26,A320
广州,金边,CZ6059,11:55,13:30,247,A319
广州,金边,CZ323,21:55,23:30,1234567,A321
广州,悉尼,CZ301,8:20,20:40,1234567,A330
广州,悉尼,CZ325,21:05,9:30,1234567,A333
广州,仰光,CZ3055,8:40,10:30,36,A319
广州,仰光,8M712,14:15,15:50,247,A320
广州,香港,KA783,9:55,11:00,1234567,A330
广州,香港,CZ633,16:25,17:20,1234567,A320
广州,香港,KA789,22:20,23:15,1234567,A321
广州,高雄,BR798,13:10,15:00,3,MD90
广州,巴黎,CZ347,0:20,7:10,1234567,A330
广州,巴黎,AF107,23:35,6:00,123567,B772
广州,伊斯坦布尔,TK073,23:00,5:25,1356,A343
广州,塞班岛,3U8645,19:40,2:45,15,A330
广州,迪拜,CZ383,19:40,0:05,1234567,B772
广州,迪拜,EK363,23:55,3:55,1234567,B773
广州,多哈,QR875,0:55,4:20,1234567,B773
广州,雅加达,GA899,15:45,19:50,1234567,B738
广州,雅加达,CZ387,17:10,20:50,1234567,A320
广州,河内,CZ3049,9:50,10:45,1234567,A319
广州,河内,VN507,16:20,17:15,1234567,A320
广州,河内,CZ371,21:55,23:15,1234567,A320
广州,新加坡,SQ853,1:20,5:20,1234567,A333
广州,新加坡,3K842,1:20,5:25,1234567,A320
广州,新加坡,TR2983,2:15,6:20,357,A320
广州,新加坡,CZ353,8:35,12:25,1234567,A321
广州,新加坡,TR2987,10:45,14:50,1234567,A320
广州,新加坡,CZ3039,12:50,16:45,1234567,A319
广州,新加坡,SQ851,13:25,17:25,13567,A333
广州,新加坡,CZ351,18:20,21:50,1234567,A321
广州,马尼拉,CZ3091,9:00,11:10,1234567,A320
广州,马尼拉,CZ397,16:15,18:35,1234567,A319
广州,马尼拉,5J289,22:15,0:25,135,A319
广州,吉达,SV881,13:50,20:40,37,B772
广州,胡志明市,CZ373,12:30,14:10,1234567,A320
广州,胡志明市,VN503,15:15,17:00,1234567,A321
广州,胡志明市,CZ367,21:30,22:45,1234567,B738
广州,福冈,CZ333,11:50,15:45,135,A319
广州,新德里,CZ359,18:30,21:35,1234567,B757
广州,达卡,CZ391,22:20,0:20,247,B738
广州,奥克兰,CZ305,0:30,17:00,1234567,A330
广州,亚的斯亚贝巴,ET607,22:00,6:05,1234567,B767
广州,新西伯利亚,U6752,1:45,7:05,4,A320
广州,新西伯利亚,U6752,6:55,12:30,7,A320
广州,莫斯科,SU221,11:10,17:35,136,B763
南昌,香港,MU5017,8:40,10:25,25,A320
南昌,台北,MU2047,8:35,10:15,136,A320
南昌,台北,CI546,19:30,22:05,25,A333
南昌,澳门,MF889,8:40,12:05,1356,B737
南昌,台中,CI254,11:40,13:40,6,B738
高雄,重庆,CI593,15:10,18:10,36,A333
高雄,吉隆坡,CI723,14:10,18:30,25,B738
高雄,厦门,GE3666,7:00,8:20,25,A321
高雄,厦门,AE967,7:30,9:00,146,E90
高雄,厦门,MF864,19:20,20:40,3,B738
高雄,香港,AE981,7:00,9:10,1234567,A333
高雄,香港,KA451,8:00,9:25,1234567,A333
高雄,香港,CI931,9:10,10:40,1234567,B738
高雄,香港,KA453,10:25,11:45,12367,A320
高雄,香港,KA433,11:25,12:55,1234567,A330
高雄,香港,CI947,14:10,15:40,1234567,A333
高雄,香港,HX297,14:10,15:50,234567,B738
高雄,香港,KA437,15:05,16:30,1234567,A330
高雄,香港,AE985,16:00,17:30,1234567,E90
高雄,香港,CI937,19:00,20:30,1234567,A333
高雄,香港,KA455,19:10,20:35,123457,A320
高雄,香港,KA431,21:00,22:25,1234567,A330
高雄,广州,BR797,10:15,11:55,3,MD90
高雄,北京,CI591,14:10,17:40,1,B738
高雄,成都,FE181,15:30,18:30,17,MD83
高雄,胡志明市,VN581,7:30,9:40,1234567,A321
高雄,胡志明市,B7035,9:00,11:15,26,A330
高雄,东京,CI102,7:20,11:50,147,B738
高雄,东京,JL812,8:55,13:20,1234567,B767
高雄,马尼拉,CI711,7:30,9:10,2357,E90
高雄,首尔,CI164,16:45,20:15,13467,B738
高雄,澳门,NX661,8:30,10:00,1234567,A319
高雄,澳门,BR829,10:25,11:55,1234567,MD90
高雄,澳门,GE361,13:35,14:55,1234567,A320
高雄,澳门,BR835,15:35,17:05,12457,MD90
高雄,澳门,GE363,18:35,20:05,23567,A320
高雄,青岛,B7208,15:45,18:35,6,MD90
高雄,昆明,B7289,7:30,10:35,37,MD90
高雄,长沙,GE3668,7:00,9:10,7,A320
高雄,长沙,AE953,16:15,18:25,25,B738
高雄,河内,B7031,7:10,8:45,147,MD90
高雄,河内,VN587,7:35,9:05,246,A321
高雄,河内,GE871,17:20,19:00,14,A321
高雄,曼谷,CI839,7:25,9:45,36,B738
高雄,上海,CI581,7:20,9:30,26,A333
高雄,上海,BR706,16:40,18:50,47,B747
高雄,合肥,GE3684,7:00,9:25,3,A321
高雄,合肥,FE185,15:30,17:55,4,MD83
高雄,天津,BR790,9:25,13:00,5,MD90
高雄,深圳,CI585,8:35,10:10,47,A333
高雄,宁波,BR796,10:00,12:10,25,MD90
高雄,新加坡,CI757,14:10,18:15,47,B738
高雄,福州,GE3664,7:00,8:50,14,A321
高雄,福州,B7276,16:00,18:00,37,MD90
高雄,福州,MF862,20:55,23:55,25,B738
高雄,杭州,AE995,7:45,9:50,135,A333
高雄,南宁,GE3686,7:00,9:10,6,A321
高雄,南宁,FE187,15:30,17:35,5,MD83
高雄,大阪,CI166,8:00,12:00,25,B738
高雄,郑州,BR780,8:00,11:20,14,MD90
高雄,海口,FE189,15:30,17:30,36,MD83
高雄,桂林,BR791,16:30,18:55,246,MD90
长春,东京,CZ623,8:15,11:55,7,A321
长春,大阪,CZ637,7:50,11:40,136,A319
长春,首尔,CZ687,9:30,12:20,1234567,A321
长春,首尔,OZ304,12:00,15:10,13467,A320
长春,台中,CZ6049,15:00,18:30,3,A319
长春,名古屋,CZ691,8:00,11:50,25,A319
长春,香港,CZ633,11:00,17:20,1234567,A320
长春,济州岛,CZ6075,18:30,21:40,47,A321
长春,台北,CZ3051,7:55,11:20,246,A321
海口,新加坡,HU485,9:00,12:10,357,B738
海口,新加坡,TR2935,10:40,14:10,23467,A320
海口,新加坡,3K818,12:15,15:50,1357,A320
海口,新加坡,HU7991,12:30,15:40,1357,B738
海口,香港,HX138,8:30,9:50,1234567,A320
海口,香港,HX158,9:15,10:35,1234567,B738
海口,香港,UO108,13:40,15:00,1234567,B738
海口,台北,HU7947,15:30,17:50,2467,B738
海口,台北,CI524,19:05,21:30,135,B738
海口,台北,BR720,20:45,23:25,14,MD90
海口,高雄,FE190,18:30,20:30,36,MD83
黄山,首尔,OZ376,14:40,18:00,236,A320
黄山,首尔,KE818,15:50,19:05,3467,B738
黄山,台北,BR769,21:15,23:10,367,MD90
呼和浩特,乌兰巴托,GS6689,17:20,19:10,2,E90
呼和浩特,乌兰巴托,M0802,17:30,20:20,135,F50
拉萨,加德满都,CA407,11:05,10:30,246,A319
澳门,曼谷,FD3601,11:10,12:55,1234567,A320
澳门,曼谷,TG751,12:15,14:00,1234567,B734
澳门,曼谷,NX886,13:50,15:40,2346,A319
澳门,曼谷,FD3603,14:20,15:55,1234567,A320
澳门,曼谷,NX882,18:10,19:55,1234567,A321
澳门,曼谷,FD3605,20:15,21:55,1234567,A320
澳门,曼谷,TG753,21:15,23:00,1234567,B734
澳门,曼谷,FD3607,21:50,23:35,1234567,A320
澳门,北京,NX002,12:10,15:10,1234567,A321
澳门,北京,NX008,19:30,22:40,1234567,A321
澳门,成都,NX198,12:20,14:40,1357,A321
澳门,清迈,FD3463,20:45,22:30,1234567,A320
澳门,重庆,NX182/8,12:25,14:30,245,A319
澳门,宿雾,5J371,21:40,,1357,A319
澳门,福州,MF894,11:25,13:00,246,B737
澳门,杭州,MF898,11:45,13:40,157,B738
澳门,杭州,NX126,14:25,16:40,2367,A320
澳门,杭州,NX122,20:50,22:50,1234567,A321
澳门,合肥,NX030,10:55,13:35,246,A319
澳门,泉州,MF892,13:15,14:20,146,B737
澳门,吉隆坡,AK1059,10:45,14:30,1234567,A320
澳门,吉隆坡,AK1055,17:45,21:30,1234567,A320
澳门,吉隆坡,AK1057,21:10,0:05,1234567,A320
澳门,高雄,BR830,13:05,14:20,1234567,MD90
澳门,高雄,GE362,15:55,17:25,1234567,A321
澳门,高雄,BR836,18:35,19:50,12456,MD90
澳门,高雄,GE364,21:05,22:20,23567,A321
澳门,高雄,NX660,21:35,23:05,1234567,A319
澳门,马尼拉,PR353,16:10,18:10,1357,A320
澳门,马尼拉,5J363,22:15,0:15,1234567,A319
澳门,南京,NX128,11:30,14:00,1234567,A321
澳门,南京,NX156,18:00,20:30,1246,A319
澳门,南京,NX156,21:30,23:55,357,A319
澳门,南宁,NX196,17:20,18:40,2357,A319
澳门,宁波,NX162,11:35,13:45,1234567,A319
澳门,大阪,NX838,11:00,15:30,12457,A319
澳门,首尔,LJ008,0:20,5:00,15,B738
澳门,首尔,NX826,2:00,6:40,1234567,A319
澳门,首尔,LJ008,11:50,16:10,23,B738
澳门,上海,NX136,10:40,12:55,1234567,A319
澳门,上海,9C8876,12:10,15:00,1234567,A320
澳门,上海,NX110,13:00,15:40,1234567,A320
澳门,上海,FM818,13:40,16:00,1234567,B738
澳门,上海,MU2008,16:00,18:10,1234567,A320
澳门,上海,NX138,19:10,21:10,1234567,A321
澳门,上海,HO1298,20:30,23:10,457,A320
澳门,新加坡,NX860,2:05,5:50,15,A320
澳门,新加坡,TR2903,10:15,14:00,1567,A320
澳门,新加坡,TR2905,17:05,21:00,123456,A320
澳门,新加坡,TR2907,21:35,1:15,7,A320
澳门,台北,GE352,11:05,12:40,1234567,A321
澳门,台北,BR808,11:55,13:40,1234567,A330
澳门,台北,NX610,12:05,13:40,1234567,A319
澳门,台北,BR802,13:20,14:55,1234567,B744
澳门,台北,GE372,16:05,17:40,1234567,A321
澳门,台北,NX618,17:35,19:15,1234567,A319
澳门,台北,BR806,19:15,20:50,1234567,A330
澳门,台北,BR812,20:35,22:15,1234567,A330
澳门,台北,NX620,20:40,22:30,1234567,A319
澳门,台北,GE356,21:00,22:40,1234567,A321
澳门,台北,NX608,21:45,23:20,1234567,A319
澳门,太原,NX018,12:25,15:20,1356,A319
澳门,东京,NX862,9:30,15:00,1234567,A319
澳门,武汉,CA120,17:10,19:05,2457,A320
澳门,无锡,ZH9796,12:40,15:00,1357,B738
澳门,厦门,MF896,13:10,14:20,357,B737
澳门,厦门,NX132,17:25,18:35,1234567,A319
牡丹江,首尔,CZ6087,15:20,19:00,26,A320
南宁,香港,CZ3089,18:00,19:20,37,B738
南宁,香港,UO140,19:05,20:25,1234567,B738
南宁,澳门,NX195,19:30,20:45,2357,A319
南宁,台北,CZ3045,17:40,20:20,246,B738
南宁,台北,FE106,18:20,20:35,7,MD83
南宁,新加坡,MU749,11:00,14:50,36,B737
南宁,吉隆坡,MU763,11:00,14:40,47,B737
南宁,金边,MU745,10:35,12:30,47,CRJ200
南宁,万象,MU783,10:15,10:50,25,CRJ200
南宁,曼谷,HU7993,10:30,11:50,36,B738
南宁,仰光,CZ6013,9:00,9:45,4,B738
南宁,仰光,MU2011,10:50,11:30,36,CRJ200
南宁,胡志明市,3U8727,13:15,14:25,14,A320
南宁,雅加达,3U603,11:00,14:30,25,A320
泉州,香港,ZH9041,10:50,12:05,1234567,A320
泉州,香港,ZH9049,13:45,14:50,1234567,A320
泉州,香港,ZH9043,17:30,18:40,1234567,B738
泉州,澳门,MF891,11:05,12:20,146,B737
沈阳,台北,ZH9025,13:20,16:10,357,A320
沈阳,台北,B7109,14:35,17:45,356,MD90
沈阳,台北,CZ3011,15:00,18:05,146,A321
沈阳,台北,AE976,15:55,22:10,26,A333
沈阳,首尔,CZ681,9:00,11:35,1234567,A321
沈阳,首尔,KE832,10:15,13:00,1234567,B772
沈阳,首尔,KE834,16:30,19:20,235,B738
沈阳,首尔,CZ671,17:00,19:30,1234567,A320
沈阳,釜山,CZ665,7:40,10:30,15,A319
沈阳,釜山,OZ346,11:30,14:35,26,A320
沈阳,大阪,CZ611,8:50,12:10,1234567,A319
沈阳,东京,CZ627,8:30,12:25,246,A321
沈阳,东京,NH926,13:25,17:30,1234567,B737
沈阳,平壤,JS156,15:00,17:10,36,T20
沈阳,法兰克福,LH785,0:15,5:30,357,A343
沈阳,福冈,CZ643,8:25,11:40,246,A319
沈阳,名古屋,CZ697,8:40,12:05,357,A319
沈阳,济州岛,CZ693,18:50,21:50,47,A319
沈阳,香港,CZ635,15:00,19:05,357,A319
石家庄,香港,9C8571,13:10,15:55,256,A320
石家庄,台北,MU5095,15:20,18:20,47,B737
石家庄,台北,FE122,20:20,23:40,136,MD83
台北,长滩岛,5J097,0:25,0:00,246,A320
台北,马尼拉,CI701,7:35,9:35,1234567,A333
台北,马尼拉,BR271,9:30,11:40,124567,B744
台北,马尼拉,PR897,10:25,12:45,14,A320
台北,马尼拉,CI703,13:30,15:30,1234567,B738
台北,马尼拉,PR895,15:35,17:55,5,A320
台北,马尼拉,PR899,17:20,19:30,2367,A320
台北,香港,CX463,6:25,8:00,1234567,A330
台北,香港,BR891,7:00,8:45,1234567,A330
台北,香港,CX465,7:10,8:45,1234567,A330
台北,香港,HX285,7:55,9:55,123456,A330
台北,香港,KA489,8:00,9:40,1234567,A30
台北,香港,CX407,8:05,9:55,1234567,B773
台北,香港,CI903,8:15,10:05,1234567,B744
台北,香港,BR851,8:20,10:00,1234567,B744
台北,香港,CI641,8:55,10:40,1234567,A333
台北,香港,CX403,9:20,11:05,1234567,B773
台北,香港,CX471,9:40,11:25,26,B773
台北,香港,CI605,10:00,11:45,1234567,B744
台北,香港,BR867,10:15,12:00,1234567,A330
台北,香港,CX469,10:20,12:00,1234567,A333
台北,香港,KA487,11:00,12:40,1234567,A320
台北,香港,CI909,11:00,12:45,1234567,A330
台北,香港,CX475,11:20,12:55,1234567,A330
台北,香港,CX421,12:00,13:45,1234567,B773
台北,香港,CI613,12:50,14:35,1234567,A333
台北,香港,CX511,13:15,15:00,1234567,B773
台北,香港,CI679,13:50,15:35,1234567,A333
台北,香港,CI915,14:35,16:20,1234567,A333
台北,香港,HX281,14:45,16:40,1234567,A330
台北,香港,CI467,15:25,17:00,1234567,A333
台北,香港,CI617,15:50,17:35,1234567,A333
台北,香港,CX405,16:15,17:55,1234567,A343
台北,香港,CI919,17:15,19:00,1234567,B744
台北,香港,BR857,18:10,19:50,1234567,A330
台北,香港,CI923,18:20,20:05,1234567,A333
台北,香港,CX473,18:45,20:30,1234567,A333
台北,香港,CX401,19:20,21:00,1234567,A330
台北,香港,CI927,19:30,21:15,1234567,A333
台北,香港,CX531,20:10,21:50,1234567,A333
台北,香港,HX287,20:25,22:20,1234567,A330
台北,香港,KA483,21:05,22:40,1234567,A333
台北,大阪,3K723,6:55,10:35,1234567,A320
台北,大阪,CI020,8:00,11:20,146,B744
台北,大阪,CI156,8:30,12:00,1234567,B744
台北,大阪,JL814,8:40,12:15,1234567,B738
台北,大阪,JL816,12:05,15:40,1234567,B767
台北,大阪,3K721,12:45,16:25,1234567,A320
台北,大阪,CX564,16:05,19:40,1234567,B773
台北,大阪,CI158,17:30,21:00,1234567,A333
台北,雅加达,CI761,8:45,13:00,1234567,A333
台北,雅加达,BR237,9:00,13:10,123456,B747
台北,泗水,BR231,18:30,22:25,26,A330
台北,郑州,BR710,8:30,11:20,25,A330
台北,郑州,CZ3024,11:50,14:30,1357,B738
台北,郑州,AE993,13:00,15:45,134,A333
台北,胡志明市,BR395,7:20,9:45,357,B773
台北,胡志明市,CI781,7:30,9:50,1234567,A333
台北,胡志明市,VN571,7:45,10:15,1234567,A330
台北,胡志明市,BR391,9:20,11:40,1234567,B773
台北,胡志明市,CI783,14:20,16:45,1234567,A333
台北,河内,VN579,7:30,9:30,1234567,A321
台北,河内,CI791,8:25,10:35,1234567,A333
台北,河内,BR397,9:30,11:35,2357,MD90
台北,河内,VN577,13:30,15:30,2356,A321
台北,首尔,CI170,7:30,11:00,15,A330
台北,首尔,CI160,7:45,11:10,1234567,A333
台北,首尔,CI260,9:25,12:45,147,B738
台北,首尔,TG634,12:50,16:15,1234567,A333
台北,首尔,KE692,13:25,16:50,1234567,A333
台北,首尔,OZ712,13:30,17:00,1234567,B767
台北,首尔,BR160,15:15,18:45,12456,A330
台北,首尔,CI162,16:10,19:35,256,B738
台北,首尔,CX420,17:10,20:40,1234567,A330
台北,首尔,KE694,19:45,21:10,12356,B737
台北,静冈,CI168,15:20,19:00,247,B738
台北,三亚,CI525,15:20,17:55,26,B738
台北,三亚,CI537,23:30,2:05,346,B738
台北,徐州,FM860,13:40,16:00,1346,B738
台北,徐州,GE318,15:30,17:50,257,A320
台北,南昌,CI545,15:45,18:20,25,A333
台北,南昌,MU2048,16:40,19:05,136,A320
台北,北京,CI511,8:05,11:10,135,B744
台北,北京,BR716,9:20,12:30,246,B744
台北,北京,CA186,13:00,16:25,1234567,A333
台北,北京,HU7988,13:20,16:25,1,B738
台北,北京,BR716,15:25,18:35,37,B773
台北,北京,CI511,15:45,18:50,2467,B744
台北,北京,CA190,18:25,21:55,1246,B772
台北,北京,HU7988,19:00,22:20,357,B738
台北,名古屋,CI154,7:30,11:15,3467,B738
台北,名古屋,BR2128,8:00,11:45,47,MD90
台北,名古屋,CX530,11:55,15:40,1234567,A343
台北,名古屋,JL822,15:45,19:35,1234567,B738
台北,名古屋,CI150,17:05,20:50,1234567,A333
台北,长沙,AE977,9:30,11:50,46,A333
台北,长沙,GE3762,15:30,18:10,36,A321
台北,长沙,CZ3018,15:50,18:00,125,A320
台北,长沙,MF890,20:10,22:30,247,B738
台北,曼谷,BR069,7:10,9:45,1,B773
台北,曼谷,CI833,7:25,10:05,1234567,A333
台北,曼谷,TG637,7:50,10:35,1234567,A333
台北,曼谷,BR075,8:40,11:15,146,A333
台北,曼谷,BR067,9:00,11:35,234567,B773
台北,曼谷,CI835,13:20,16:00,1234567,A333
台北,曼谷,TG635,20:05,22:50,1234567,A333
台北,曼谷,CI065,22:45,1:15,123456,B744
台北,曼谷,BR061,22:45,1:25,246,A330
台北,金边,CI861,7:30,9:50,256,B738
台北,金边,BR265,9:10,11:35,1234567,MD90
台北,新加坡,BR225,7:40,12:00,1234567,B773
台北,新加坡,CI753,8:35,13:15,1234567,A343
台北,新加坡,TR2995,13:50,18:35,246,A320
台北,新加坡,SQ877,14:25,18:50,1234567,A333
台北,新加坡,CI751,16:05,20:45,1234567,A333
台北,新加坡,3K724,16:10,20:40,1234567,A320
台北,新加坡,SQ879,17:45,22:10,1234567,A333
台北,新加坡,GE887,19:20,23:45,1234567,A320
台北,新加坡,3K722,19:55,0:25,1234567,A320
台北,新加坡,TR2993,21:05,0:50,1234567,A320
台北,澳门,NX605,8:00,9:50,1234567,A319
台北,澳门,GE351,8:10,9:45,1234567,A321
台北,澳门,BR807,9:00,10:45,567,MD90
台北,澳门,NX619,9:25,11:05,1234567,A319
台北,澳门,BR801,10:00,11:50,1234567,B744
台北,澳门,GE371,13:30,15:10,1234567,A321
台北,澳门,NX609,14:40,16:25,1234567,A319
台北,澳门,BR817,14:45,16:35,1234567,A330
台北,澳门,BR805,16:20,18:05,1234567,B773
台北,澳门,GE355,18:25,20:10,1234567,A321
台北,澳门,NX615,20:05,21:45,1234567,A319
台北,福冈,BR2106,8:10,11:20,1234567,A330
台北,福冈,CI116,12:00,15:10,1234567,A333
台北,福冈,CI110,17:25,20:35,1234567,A333
台北,福冈,CX510,17:40,20:50,1234567,A330
台北,新德里,CI181,7:20,11:30,4,A333
台北,新德里,CI071,8:15,12:20,26,A333
台北,罗马,CI071,8:15,,26,A333
台北,成都,CI551,8:25,12:00,27,A333
台北,成都,BR765,14:45,18:15,15,A330
台北,成都,3U8978,17:45,20:30,1357,A320
台北,成都,CA418,18:40,22:05,2467,A321
台北,南京,AE987,8:30,10:20,246,B744
台北,南京,FM806,13:30,14:55,4,B738
台北,南京,B7126,17:20,19:20,135,B744
台北,东京,BR192,7:45,11:45,1234567,A330
台北,东京,JL030,8:45,12:45,1234567,B767
台北,东京,BR2198,8:50,13:15,1234567,A320
台北,东京,CI100,8:55,13:05,123467,A333
台北,东京,CI220,9:00,12:55,1234567,A333
台北,东京,DL276,9:15,13:30,1234567,B744
台北,东京,JL802,10:00,14:20,1234567,B767
台北,东京,NH1186,13:30,17:45,1234567,B763
台北,东京,CI108,14:30,18:45,1234567,B744
台北,东京,BR196,14:50,19:10,1234567,A330
台北,东京,JL032,15:30,19:30,1234567,B767
台北,东京,BR190,16:00,19:55,1234567,A330
台北,东京,CI106,16:35,20:40,1234567,A333
台北,东京,NH1188,16:45,21:00,1234567,B763
台北,东京,CI222,18:15,21:55,1234567,A333
台北,鹿儿岛,CI118,8:45,12:00,247,B738
台北,厦门,AE991,8:45,10:30,1234567,A333
台北,厦门,B7511,10:30,11:55,35,MD90
台北,厦门,MF888,11:25,13:00,1234567,B738
台北,厦门,MF822,19:45,21:25,23457,B738
台北,吉隆坡,CI721,8:50,13:30,1234567,B744
台北,吉隆坡,BR227,9:40,14:15,1346,B773
台北,吉隆坡,MH367,15:05,19:55,1234567,B738
台北,吉隆坡,D7373,15:45,20:35,1234567,A330
台北,伦敦,BR069,7:10,17:30,1,B773
台北,上海,GE332/8,7:15,8:55,12357,A321
台北,上海,CI501,9:05,10:50,1234567,B744
台北,上海,BR712/02,10:10,12:05,1234567,B747
台北,上海,FM852,11:30,13:10,257,B738
台北,上海,FM802,12:00,13:40,1234567,B738
台北,上海,CI201,12:30,14:15,123467,A333
台北,上海,CZ3096,12:45,14:20,134567,A321
台北,上海,BR772,14:15,15:55,134567,A330
台北,上海,CA198,15:00,16:50,2456,B738
台北,上海,MU5008,15:05,16:40,1234567,A333
台北,上海,BR722,16:30,18:20,125,B747
台北,上海,CI503,16:50,18:35,357,B744
台北,上海,MU5098,17:15,19:20,1234567,A321
台北,上海,CA196,17:35,19:40,1234567,A340
台北,上海,MU5006,18:40,20:20,1356,A330
台北,上海,GE304,20:00,21:30,4,A321
台北,青岛,B7102,9:05,11:35,25,A330
台北,青岛,CI531,9:30,11:55,36,A333
台北,青岛,MU2042,12:55,15:00,4,A320
台北,青岛,SC4086,16:45,19:10,257,B738
台北,巴厘岛,CI771,9:15,14:20,1234567,A333
台北,巴厘岛,BR255,10:00,15:20,23567,A330
台北,底特律,DL276,9:15,,1234567,B744
台北,札幌,CI130,8:40,13:30,1234567,A333
台北,旧金山,BR018,19:30,15:30,1234567,B773
台北,旧金山,CI004,23:20,19:20,1234567,B744
台北,旧金山,BR028,23:30,19:30,357,B773
台北,西安,B7132,9:05,12:55,26,A330
台北,西安,MU2038,13:00,16:35,36,A320
台北,西安,CI561,13:10,16:55,15,A333
台北,西安,HU7980,13:40,17:50,25,B738
台北,宁波,MU2010,11:15,12:20,1234567,A320
台北,宁波,AE989,15:45,17:20,1346,A333
台北,福州,GE3142,8:15,9:45,15,MD90
台北,福州,MF880,11:25,12:50,1234567,B738
台北,福州,GE3142,13:00,15:00,57,A321
台北,福州,MF884,19:45,21:05,1346,B738
台北,无锡,MU2962,11:20,13:00,6,A320
台北,无锡,ZH9022,11:40,13:15,123457,B738
台北,无锡,MU2932,17:00,18:50,1234567,A320
台北,太原,FE101,11:00,14:00,136,MD83
台北,太原,MU5012,12:20,15:15,247,B737
台北,长春,CZ3052,12:20,15:40,246,A321
台北,杭州,GE312,8:15,9:50,2467,A321
台北,杭州,MF886,12:00,13:30,5,B738
台北,杭州,CA150,12:20,14:10,1234567,A320
台北,杭州,BR758,18:15,20:05,12467,B744
台北,釜山,GE706,13:35,16:35,12457,A320
台北,广州,BR707,10:00,11:55,157,B773
台北,广州,HU7982,13:10,15:00,357,B738
台北,广州,CI521,13:55,15:50,12456,B744
台北,广州,CZ3098,14:30,16:35,1234567,A321
台北,檀香山,CI018,14:30,,1234567,B744
台北,盐城,B7130,14:40,16:55,2,MD90
台北,沈阳,B7110,10:30,13:35,356,MD90
台北,沈阳,AE975,14:35,17:40,26,A333
台北,沈阳,ZH9026,17:20,20:10,357,A320
台北,沈阳,CZ3012,19:05,21:55,146,A321
台北,贵阳,FE125,16:00,18:40,27,MD83
台北,贵阳,CZ3022,19:50,22:15,1356,B738
台北,深圳,ZH9088,12:30,13:55,7,B738
台北,深圳,CI527,14:55,16:40,13457,B744
台北,深圳,B7187,16:05,18:00,12457,B744
台北,深圳,ZH9096,17:35,19:15,1234567,B738
台北,深圳,B7185,18:00,19:55,1,B744
台北,深圳,CZ3088,18:25,19:55,134567,A321
台北,大连,CI535,14:20,17:25,5,A333
台北,大连,B7106,16:35,19:20,25,A330
台北,大连,CZ3014,18:45,21:20,37,A319
台北,大连,HU7946,20:00,22:30,6,B738
台北,济南,SC4098,11:55,14:25,1347,B738
台北,济南,BR762,17:15,20:05,2457,MD90
台北,济州岛,GE866,18:30,21:20,2356,A320
台北,洛杉矶,CI006,16:40,13:25,13467,B744
台北,洛杉矶,BR012,18:40,14:05,1234567,B773
台北,洛杉矶,CI008,23:40,20:25,1234567,B744
台北,洛杉矶,BR016,23:55,19:15,1234567,B773
台北,海口,CI523,15:30,17:55,135,B738
台北,海口,BR719,16:55,19:45,14,MD90
台北,海口,HU7948,18:50,21:10,2467,B738
台北,重庆,B7193,8:15,11:45,14,MD90
台北,重庆,GE320,10:30,14:00,46,A321
台北,重庆,CA410,19:20,22:30,23567,B738
台北,重庆,3U8980,22:20,1:05,1246,A320
台北,烟台,SC4078,19:50,22:20,23456,B738
台北,西雅图,BR026,23:00,18:40,23567,B747
台北,阿姆斯特丹,KL808,23:10,6:10,1234567,B772
台北,关岛,BR020,22:45,4:40,26,A333
台北,关岛,CI026,23:10,5:05,26,A333
台北,昆明,B7191,11:45,15:00,4,MD90
台北,昆明,MU2028,20:30,23:50,247,A320
台北,昆明,3U8958,20:50,23:40,135,A320
台北,南宁,FE105,15:00,17:20,7,MD83
台北,南宁,CZ3046,21:10,23:50,246,B738
台北,维也纳,CI063,23:10,6:30,246,A343
台北,法兰克福,CI061,23:15,6:50,24567,A343
台北,温哥华,CI032,23:30,19:25,23457,A343
台北,温哥华,BR010,23:30,19:15,357,B773
台北,悉尼,CI051,23:55,12:05,2357,A333
台北,天津,GE3182,13:00,16:00,14,A321
台北,天津,CA188,18:45,21:55,57,B738
台北,桂林,CZ3020,19:55,21:55,13457,B738
台北,暹粒,K9109,7:00,9:20,1234567,B733
台北,小松,BR158,14:10,18:00,1356,MD90
台北,多伦多,BR036,18:40,20:40,146,B773
台北,宫崎,CI114,14:00,17:00,36,B738
台北,武汉,GE3162,13:00,15:35,36,A321
台北,武汉,CI541,15:20,18:00,36,A333
台北,武汉,MU2088,17:50,20:20,14,B738
台北,武汉,CZ3016,17:55,20:30,5,B738
台北,仰光,CI951,7:15,10:10,135,B738
台北,合肥,MU2050,12:10,14:10,135,A320
台北,合肥,GE316,13:00,16:00,2,A321
台北,槟城,CI731,12:05,16:35,1347,B738
台北,仙台,BR118,10:05,14:15,47,A330
台北,沙巴,MH069,8:00,11:30,1234567,B734
台北,奥克兰,CI053,23:50,18:15,146,A333
台北,普吉岛,CI847,20:30,23:55,37,B738
台北,冲绳,CI120,8:15,10:45,1234567,B738
台北,冲绳,CI122,16:15,18:35,1234567,A343
台北,石家庄,FE121,16:00,19:20,136,MD83
台北,石家庄,MU5096,19:20,22:35,47,B737
台北,哈尔滨,BR768,10:30,13:55,147,A330
台北,哈尔滨,CZ3010,12:30,16:00,135,A320
台北,黄山,BR770,18:20,20:20,367,MD90
台北,清迈,CI851,19:20,22:40,15,B738
台北,广岛,CI112,16:55,20:15,1234567,B738
台北,布里斯班,QF330,22:30,9:10,35,A330
台北,布里斯班,CI053,23:50,10:25,146,A333
台北,纽约,CI020,8:00,13:00,136,B744
台北,纽约,BR032,18:50,21:30,1346,B772
台北,巴黎,BR087,23:50,7:45,357,B773
太原,澳门,NX017,16:10,19:10,1356,A319
太原,台北,MU5011,8:30,11:30,247,B737
太原,台北,FE102,16:15,19:45,136,MD83
太原,香港,MU5089,9:00,11:50,15,B738
天津,香港,CA103,8:35,11:50,1234567,B738
天津,香港,GS6685,12:25,15:45,1234567,E90
天津,台中,CA141,8:30,11:40,2,B738
天津,首尔,CA171,9:00,11:45,1234567,B738
天津,首尔,KE806,11:10,14:00,1234567,B737
天津,首尔,OZ328,12:40,15:20,1234567,A320
天津,名古屋,JL840,14:00,17:45,1234567,B738
天津,台北,BR729,13:50,16:45,37,B747
天津,台北,CA187,14:35,17:45,57,B738
天津,台北,GE3181,17:00,20:30,14,A321
天津,吉隆坡,D7313,15:50,22:15,13567,A330
天津,高雄,BR789,14:00,17:20,5,MD90
无锡,台北,MU2961,8:30,10:20,6,A320
无锡,台北,ZH9021,9:00,10:40,1234567,B738
无锡,台北,MU2931,14:00,16:10,1234567,A320
无锡,曼谷,MU2963,22:20,1:20,146,A320
无锡,大阪,ZH9081,8:50,11:55,256,B738
无锡,东京,ZH9055,9:20,12:55,147,B738
无锡,香港,MU2901,8:10,10:30,1234567,A320
无锡,澳门,ZH9795,8:55,11:00,1357,B738
威海,首尔,LJ104,9:55,12:05,347,B738
威海,首尔,OZ310,10:10,12:20,1234567,A320
威海,首尔,MU2017,11:00,13:00,1234567,A320
威海,首尔,LJ104,15:55,18:05,1256,B738
威海,釜山,OZ344,16:50,19:20,1357,A320
乌鲁木齐,首尔,KE884,1:00,6:40,237,B738
乌鲁木齐,杜尚别,CZ6019,23:55,23:30,36,B757
乌鲁木齐,奥什,CZ6033,8:05,8:15,26,B737
乌鲁木齐,阿斯塔纳,KC288,12:40,13:20,26,A320
乌鲁木齐,新西伯利亚,S7854,14:50,16:10,246,A320
乌鲁木齐,新西伯利亚,CZ6003,18:15,19:15,15,B737
乌鲁木齐,巴库,CZ6023,20:40,22:30,15,B737
乌鲁木齐,比什凯克,CZ6005,8:05,8:10,1357,B737
乌鲁木齐,比什凯克,KR720,15:15,15:05,4,A320
乌鲁木齐,比什凯克,QH478,17:45,17:55,26,B735
乌鲁木齐,阿拉木图,KC988,0:35,0:30,146,A321
乌鲁木齐,阿拉木图,CZ6011,19:35,18:55,1234567,B737
乌鲁木齐,伊斯坦布尔,CZ679,22:20,0:20,257,B757
乌鲁木齐,阿什哈巴德,CZ6015,22:35,23:15,246,B737
乌鲁木齐,喀布尔,FG332,11:30,11:00,14,A310
乌鲁木齐,莫斯科,CZ6001,19:45,21:10,1357,B757
乌鲁木齐,伊斯兰堡,CZ6007,9:20,8:50,357,B757
乌鲁木齐,第比利斯,CZ6039,19:20,21:10,26,B737
乌鲁木齐,胡占德,CZ6031,23:55,23:30,2,B737
乌鲁木齐,德黑兰,CZ6025/35,20:15,21:45,1234567,B737
温州,台北,AE957,13:10,14:30,47,E190
温州,台北,CA835,12:00,13:00,,A319
温州,香港,MU5027,12:10,14:00,1234567,B737
厦门,香港,KA617,7:45,9:00,1234567,A320
厦门,香港,MF381,10:10,11:20,1234567,B738
厦门,香港,KA619,12:10,13:35,1234567,A321
厦门,香港,KA603,15:05,16:25,1234567,A320
厦门,香港,CZ853,18:45,19:45,1234567,B738
厦门,澳门,MF889,10:45,12:05,1356,B737
厦门,澳门,MF895,10:50,12:05,357,B737
厦门,澳门,NX131,19:25,20:40,1234567,A319
厦门,曼谷,TG611,16:05,18:25,2467,A333
厦门,东京,NH936,14:10,19:15,1234567,B737
厦门,高雄,GE3665,9:30,11:00,25,A321
厦门,高雄,AE968,10:05,11:40,146,E90
厦门,高雄,MF863,17:00,18:20,3,B738
厦门,阿姆斯特丹,KL884,12:10,18:40,135,B772
厦门,台中,GE383,14:45,16:30,25,A321
厦门,台中,MF877,17:00,18:25,6,B738
厦门,台中,B7518,19:05,20:50,4,MD90
厦门,吉隆坡,MF857,11:45,15:50,1356,B738
厦门,吉隆坡,MH391,14:55,19:05,246,A330
厦门,台北,MF887,8:45,10:25,1234567,B738
厦门,台北,AE992,11:40,13:30,1234567,MD90
厦门,台北,B7512,12:50,14:35,3,MD90
厦门,台北,MF881,17:15,18:45,23457,B738
厦门,台北,B7512,19:35,21:20,35,MD90
厦门,新加坡,MF851,11:00,15:15,1234567,B738
厦门,新加坡,MI921,13:10,17:35,124567,A320
厦门,新加坡,CA957,17:45,22:00,1234567,B738
厦门,新加坡,MF855,18:00,22:10,1234567,B738
厦门,首尔,KE888,13:30,17:30,1246,B738
厦门,首尔,MF871,16:20,19:55,357,B738
厦门,马尼拉,PR335,11:00,13:35,146,A320
厦门,马尼拉,PR331,17:25,20:00,2357,A320
厦门,马尼拉,CZ377,20:20,22:30,1234567,A321
厦门,雅加达,CA977,19:10,23:40,257,B738
西安,首尔,KE808,11:40,15:25,12356,B738
西安,名古屋,MU291,8:00,15:00,123567,A333
西安,新加坡,MU5093,18:35,1:55,1234567,A320
西安,香港,MU203,11:10,13:35,1234567,A320
西安,香港,KA947,15:45,18:35,1234567,A320
西安,香港,UO569,21:20,23:40,135,B738
西安,大阪,CZ641,8:45,15:10,1234567,A321
西安,台北,MU2037,8:50,12:00,36,A320
西安,台北,HU7979,8:55,12:40,25,B738
西安,台北,B7131,14:00,17:45,26,A330
西安,台北,CI562,18:10,21:45,15,A333
徐州,香港,FM865,10:30,13:10,357,B738
徐州,台北,FM859,10:20,12:35,1346,B738
徐州,台北,GE317,18:50,21:10,257,A320
盐城,台北,AE952,17:10,19:30,47,B738
郑州,台北,CZ3023,8:20,10:50,1357,B738
郑州,台北,BR709,12:20,15:00,25,A330
郑州,台北,AE994,17:00,19:45,134,A333
郑州,新加坡,MF851,8:00,15:15,1234567,B738
郑州,曼谷,CZ3079,22:30,1:20,2,B738
郑州,台中,AE964,19:05,21:50,6,E90
郑州,吉隆坡,MU539,17:30,0:50,1234567,A320
郑州,首尔,KE810,10:50,14:00,1246,B738
郑州,香港,CZ3073,8:30,11:00,1234567,B733
